Molecule.Title,cationpi:ligandpi|LYS48,contact|ALA111,contact|ALA153,contact|ALA166,contact|ALA23,contact|ALA46,contact|ASN116,contact|ASN154,contact|ASP104,contact|ASP109,contact|ASP167,contact|CYS106,contact|GLN27,contact|GLU107,contact|GLU32,contact|GLU66,contact|GLY112,contact|GLY26,contact|GLY28,contact|GLY31,contact|HIS108,contact|ILE25,contact|LEU113,contact|LEU118,contact|LEU156,contact|LEU47,contact|LYS151,contact|LYS24,contact|LYS35,contact|LYS48,contact|NME326,contact|PHE103,contact|PHE105,contact|PHE30,contact|SER115,contact|THR29,contact|VAL119,contact|VAL155,contact|VAL33,contact|VAL79,hbond:ligand2protein:water_bridged|ALA153,hbond:ligand2protein:water_bridged|ASP109,hbond:ligand2protein:water_bridged|GLN27,hbond:ligand2protein:water_bridged|GLU107,hbond:ligand2protein:water_bridged|GLY26,hbond:ligand2protein:water_bridged|GLY28,hbond:ligand2protein:water_bridged|HIS108,hbond:ligand2protein:water_bridged|ILE25,hbond:ligand2protein:water_bridged|LYS24,hbond:ligand2protein:water_bridged|LYS35,hbond:ligand2protein|ALA153,hbond:ligand2protein|ASP109,hbond:ligand2protein|CYS106,hbond:ligand2protein|GLN27,hbond:ligand2protein|GLU107,hbond:ligand2protein|ILE25,hbond:protein2ligand:water_bridged|ALA111,hbond:protein2ligand:water_bridged|ALA153,hbond:protein2ligand:water_bridged|ASN116,hbond:protein2ligand:water_bridged|ASN154,hbond:protein2ligand:water_bridged|ASP109,hbond:protein2ligand:water_bridged|ASP167,hbond:protein2ligand:water_bridged|GLN27,hbond:protein2ligand:water_bridged|GLU107,hbond:protein2ligand:water_bridged|GLU32,hbond:protein2ligand:water_bridged|GLU66,hbond:protein2ligand:water_bridged|GLY112,hbond:protein2ligand:water_bridged|GLY169,hbond:protein2ligand:water_bridged|GLY26,hbond:protein2ligand:water_bridged|GLY28,hbond:protein2ligand:water_bridged|GLY31,hbond:protein2ligand:water_bridged|HIS108,hbond:protein2ligand:water_bridged|ILE25,hbond:protein2ligand:water_bridged|LYS151,hbond:protein2ligand:water_bridged|LYS24,hbond:protein2ligand:water_bridged|LYS35,hbond:protein2ligand:water_bridged|LYS44,hbond:protein2ligand:water_bridged|LYS48,hbond:protein2ligand:water_bridged|PHE168,hbond:protein2ligand:water_bridged|PHE30,hbond:protein2ligand:water_bridged|SER115,hbond:protein2ligand:water_bridged|THR29,hbond:protein2ligand:water_bridged|VAL33,hbond:protein2ligand|ASN154,hbond:protein2ligand|ASP109,hbond:protein2ligand|ASP167,hbond:protein2ligand|CYS106,hbond:protein2ligand|GLN27,hbond:protein2ligand|GLY26,hbond:protein2ligand|GLY28,hbond:protein2ligand|HIS108,hbond:protein2ligand|LYS35,hbond:protein2ligand|LYS48,hbond:protein2ligand|THR29,hbond:unpaired-ligand-acceptor|LIG,hbond:unpaired-ligand-donor|LIG,hbond:unpaired-protein-acceptor|ALA111,hbond:unpaired-protein-acceptor|ALA152,hbond:unpaired-protein-acceptor|ALA153,hbond:unpaired-protein-acceptor|ALA166,hbond:unpaired-protein-acceptor|ALA23,hbond:unpaired-protein-acceptor|ALA46,hbond:unpaired-protein-acceptor|ASN116,hbond:unpaired-protein-acceptor|ASN154,hbond:unpaired-protein-acceptor|ASP104,hbond:unpaired-protein-acceptor|ASP109,hbond:unpaired-protein-acceptor|ASP167,hbond:unpaired-protein-acceptor|CYS106,hbond:unpaired-protein-acceptor|GLN27,hbond:unpaired-protein-acceptor|GLU107,hbond:unpaired-protein-acceptor|GLU32,hbond:unpaired-protein-acceptor|GLU66,hbond:unpaired-protein-acceptor|GLY112,hbond:unpaired-protein-acceptor|GLY26,hbond:unpaired-protein-acceptor|GLY28,hbond:unpaired-protein-acceptor|GLY31,hbond:unpaired-protein-acceptor|HIS108,hbond:unpaired-protein-acceptor|ILE25,hbond:unpaired-protein-acceptor|LEU101,hbond:unpaired-protein-acceptor|LEU47,hbond:unpaired-protein-acceptor|LYS24,hbond:unpaired-protein-acceptor|PHE103,hbond:unpaired-protein-acceptor|PHE30,hbond:unpaired-protein-acceptor|SER115,hbond:unpaired-protein-acceptor|THR29,hbond:unpaired-protein-acceptor|VAL155,hbond:unpaired-protein-acceptor|VAL79,hbond:unpaired-protein-donor|ALA111,hbond:unpaired-protein-donor|ALA166,hbond:unpaired-protein-donor|ALA23,hbond:unpaired-protein-donor|ALA46,hbond:unpaired-protein-donor|ASN116,hbond:unpaired-protein-donor|ASN154,hbond:unpaired-protein-donor|ASP104,hbond:unpaired-protein-donor|ASP109,hbond:unpaired-protein-donor|ASP167,hbond:unpaired-protein-donor|CYS106,hbond:unpaired-protein-donor|GLN27,hbond:unpaired-protein-donor|GLU32,hbond:unpaired-protein-donor|GLY112,hbond:unpaired-protein-donor|GLY169,hbond:unpaired-protein-donor|GLY26,hbond:unpaired-protein-donor|GLY28,hbond:unpaired-protein-donor|GLY31,hbond:unpaired-protein-donor|HIS108,hbond:unpaired-protein-donor|LEU113,hbond:unpaired-protein-donor|LEU47,hbond:unpaired-protein-donor|LYS24,hbond:unpaired-protein-donor|LYS35,hbond:unpaired-protein-donor|LYS48,hbond:unpaired-protein-donor|LYS49,hbond:unpaired-protein-donor|NME326,hbond:unpaired-protein-donor|PHE168,hbond:unpaired-protein-donor|PHE30,hbond:unpaired-protein-donor|SER115,hbond:unpaired-protein-donor|THR29,hbond:unpaired-protein-donor|VAL155,hbond:unpaired-protein-donor|VAL33,salt-bridge:ligand+protein-|ASP109,salt-bridge:ligand+protein-|GLU107,salt-bridge:unpaired-ligand+|LIG,salt-bridge:unpaired-protein+|LYS120,salt-bridge:unpaired-protein+|LYS151,salt-bridge:unpaired-protein+|LYS35,salt-bridge:unpaired-protein+|LYS48,salt-bridge:unpaired-protein-|ASP109,salt-bridge:unpaired-protein-|ASP167,salt-bridge:unpaired-protein-|GLU107,salt-bridge:unpaired-protein-|GLU66,stacking:pi|HIS108,stacking:pi|PHE103,stacking:pi|PHE105,stacking:t|HIS108,stacking:t|PHE103,cationpi:ligandpi|LYS35,contact|ASP149,contact|LEU22,contact|LEU51,contact|PHE34,hbond:ligand2protein:water_bridged|ASN154,hbond:ligand2protein|GLY28,hbond:protein2ligand:water_bridged|ASP149,hbond:protein2ligand|LYS151,hbond:protein2ligand|LYS24,hbond:unpaired-protein-acceptor|VAL33,hbond:unpaired-protein-donor|ALA153,hbond:unpaired-protein-donor|ILE25,salt-bridge:unpaired-protein+|LYS24,stacking:t|PHE105,cationpi:proteinpi|PHE105,contact|ALA152,contact|ARG159,contact|LEU70,hbond:ligand2protein:water_bridged|CYS106,hbond:protein2ligand:water_bridged|ALA23,hbond:unpaired-protein-acceptor|LYS151,stacking:t|PHE30
cmp_2,0.0011111111111111,0.0,1.69,0.5433333333333333,0.0122222222222222,3.296666666666667,0.0,0.5811111111111111,1.431111111111111,7.861111111111111,4.427777777777778,9.872222222222222,1.448888888888889,3.1755555555555555,0.0,0.0033333333333333,0.0,0.0988888888888888,0.0255555555555555,0.1811111111111111,3.335555555555556,8.924444444444445,0.0,0.0,7.124444444444444,0.0,0.6277777777777778,0.3744444444444444,0.0,3.3544444444444443,0.0,3.275555555555556,6.257777777777778,0.0,0.0,1.1133333333333333,0.0,0.0,3.0,1.19,0.0,0.0122222222222222,0.0,0.0011111111111111,0.0,0.0022222222222222,0.0,0.0055555555555555,0.0,0.0,0.0,0.0,0.9977777777777778,0.0,0.0,0.0,0.0,0.0,0.0,0.0,0.0,0.0544444444444444,0.0011111111111111,0.0,0.0011111111111111,0.1733333333333333,0.0,0.0,0.0,0.0,0.0,0.0,0.0,0.0,0.0088888888888888,0.0,0.0,0.0266666666666666,0.0166666666666666,0.0,0.0,0.0,0.0,0.0,0.0,0.0,0.7011111111111111,0.0022222222222222,0.0,0.0,0.0,0.0,0.6455555555555555,0.0,2.227777777777778,0.0022222222222222,0.0,0.0,0.1555555555555555,0.0,0.0,0.0066666666666666,0.0,0.0544444444444444,0.3477777777777778,0.0,0.0022222222222222,0.0244444444444444,0.0288888888888888,0.1655555555555555,0.0,0.0,0.0,0.0277777777777777,0.0,0.0,0.0166666666666666,0.1077777777777777,0.0,0.0,0.1244444444444444,0.0077777777777777,0.0,0.0,0.0288888888888888,0.0,0.0,0.0,0.0,0.0,0.0233333333333333,0.0,0.02,0.0,1.0,0.7833333333333333,1.2022222222222223,0.2233333333333333,0.04,0.0,0.0,0.0,0.1511111111111111,0.0666666666666666,0.0222222222222222,0.0,0.0,0.0,0.0,0.0,0.0,0.0,0.0466666666666666,0.0,0.0,0.6266666666666667,0.0,0.0188888888888888,0.1144444444444444,0.0,0.5955555555555555,0.0,0.0133333333333333,0.0,0.0366666666666666,0.0,0.0033333333333333,0.0,0.0,0.0,0.0044444444444444,0.0822222222222222,0.0,0.0988888888888888,0.0,0.0,0.0,0.0,0.0,0.0,0.0,0.0,0.0,0.0,0.0,0.0,0.0,0.0,0.0,0.0,0.0,0.0,0.0,0.0,0.0,0.0,0.0
cmp_2,0.0022222222222222,0.0,1.356666666666667,0.2622222222222222,0.0,3.4266666666666667,0.0,0.9944444444444444,1.3955555555555557,6.895555555555555,3.816666666666667,10.562222222222225,2.3744444444444444,3.085555555555556,0.0322222222222222,0.0066666666666666,0.0011111111111111,0.0,0.0011111111111111,0.9111111111111112,3.141111111111111,6.614444444444445,0.0,0.0,7.544444444444444,0.0,0.1655555555555555,0.3011111111111111,0.0,5.752222222222223,0.0,4.99,5.281111111111112,0.63,0.0,2.9477777777777776,0.0,0.0,1.308888888888889,0.9633333333333334,0.0,0.0088888888888888,0.0911111111111111,0.0,0.0,0.0,0.0,0.0944444444444444,0.0,0.0,0.0,0.0,0.9966666666666668,0.0,0.0,0.0,0.0,0.0,0.0,0.0,0.0,0.0211111111111111,0.0033333333333333,0.0,0.0,0.5911111111111111,0.0,0.0011111111111111,0.0,0.0,0.0,0.0,0.0,0.0,0.0,0.0,0.0,0.0722222222222222,0.0244444444444444,0.0011111111111111,0.0,0.0122222222222222,0.0,0.0,0.0,0.0044444444444444,0.69,0.0011111111111111,0.0,0.0,0.0,0.0,0.42,0.0,2.2177777777777776,0.0033333333333333,0.0,0.0,0.1388888888888889,0.0011111111111111,0.0,0.0033333333333333,0.0,0.2455555555555555,0.3477777777777778,0.0022222222222222,0.0055555555555555,0.0533333333333333,0.2022222222222222,0.2633333333333333,0.02,0.0,0.0,0.0011111111111111,0.0066666666666666,0.0033333333333333,0.04,0.31,0.0,0.0,0.1511111111111111,0.0022222222222222,0.0744444444444444,0.0,0.2311111111111111,0.0,0.0,0.0,0.0,0.0,0.0177777777777777,0.0,0.1388888888888889,0.0,0.98,0.7522222222222222,1.221111111111111,0.4166666666666667,0.1977777777777777,0.0,0.0,0.0,0.0,0.0755555555555555,0.0833333333333333,0.0,0.0,0.0,0.0,0.0,0.0,0.0,0.1044444444444444,0.0,0.0,0.0977777777777777,0.0,0.0,0.2944444444444444,0.0,0.5366666666666666,0.0,0.0144444444444444,0.0,0.0577777777777777,0.0066666666666666,0.0155555555555555,0.0,0.0,0.0,0.0066666666666666,0.0511111111111111,0.0,0.2111111111111111,0.0,0.0,0.0,0.0,0.0,0.0,0.0,0.0,0.0,0.0,0.0,0.0,0.0,0.0,0.0,0.0,0.0,0.0,0.0,0.0,0.0,0.0,0.0
cmp_2,0.0,0.0,0.25,0.4222222222222222,0.0733333333333333,3.9166666666666665,0.0,1.3911111111111112,1.64,9.123333333333331,6.304444444444444,9.96111111111111,2.4044444444444446,2.7333333333333334,0.0022222222222222,0.0022222222222222,0.1322222222222222,0.5277777777777778,0.8411111111111111,0.0355555555555555,3.0877777777777777,5.185555555555555,0.0,0.0,8.183333333333334,0.0,0.1166666666666666,0.2822222222222222,0.0166666666666666,3.84,0.0,3.611111111111111,8.172222222222222,0.0,0.0,0.1744444444444444,0.0,0.0,4.78,1.5888888888888888,0.0,0.0033333333333333,0.0,0.0,0.0,0.0,0.0,0.02,0.0,0.0,0.0,0.0,0.9966666666666668,0.0,0.0,0.0,0.0,0.0,0.0,0.0,0.0,0.0022222222222222,0.0011111111111111,0.0,0.0,0.0,0.0011111111111111,0.0011111111111111,0.0,0.0055555555555555,0.0,0.0,0.0,0.0,0.0022222222222222,0.0,0.0,0.0,0.0,0.0,0.0,0.0,0.0,0.0,0.0,0.0,0.8788888888888889,0.0,0.0,0.0,0.0,0.0,0.8122222222222222,0.0,1.8333333333333333,0.0011111111111111,0.0,0.0,0.0511111111111111,0.0,0.0,0.0011111111111111,0.0,0.1088888888888888,0.2255555555555555,0.0,0.0,0.0666666666666666,0.1055555555555555,0.3288888888888889,0.0,0.0,0.0088888888888888,0.0011111111111111,0.0088888888888888,0.0155555555555555,0.03,0.0733333333333333,0.0,0.0022222222222222,0.1388888888888889,0.0022222222222222,0.0,0.0,0.0088888888888888,0.0,0.0,0.0,0.0,0.0,0.0244444444444444,0.0,0.3811111111111111,0.0011111111111111,0.9788888888888888,0.95,0.9355555555555556,0.4722222222222222,0.0,0.0211111111111111,0.0,0.0,0.0066666666666666,0.0011111111111111,0.0577777777777777,0.0,0.0,0.0,0.0,0.0,0.0,0.0,0.0177777777777777,0.0,0.0,0.0388888888888888,0.0,0.0033333333333333,0.3622222222222222,0.0,0.4977777777777777,0.0,0.0322222222222222,0.0155555555555555,0.0,0.0011111111111111,0.0033333333333333,0.0,0.0,0.0,0.0011111111111111,0.3333333333333333,0.0,0.1466666666666666,0.0011111111111111,0.0,0.0,0.0,0.0,0.0,0.0,0.0,0.0,0.0,0.0,0.0,0.0,0.0,0.0,0.0,0.0,0.0,0.0,0.0,0.0,0.0,0.0
comp_10,0.0,0.0,0.9988888888888888,1.1788888888888889,0.0,3.621111111111111,0.0,0.8466666666666667,1.4466666666666668,3.04,1.5677777777777775,8.704444444444444,0.6366666666666667,0.9488888888888888,0.0,0.0,0.0044444444444444,0.0,0.0,0.0,1.431111111111111,3.736666666666667,0.0,0.0,11.63111111111111,0.0,0.0,0.0011111111111111,0.0022222222222222,1.1922222222222223,0.0,5.236666666666666,6.48,0.0,0.0,1.9466666666666668,0.0,0.0,3.8577777777777778,1.4255555555555557,0.0,0.19,0.0044444444444444,0.0011111111111111,0.0,0.0,0.0,0.0055555555555555,0.0,0.0,0.0,0.0444444444444444,0.9633333333333334,0.0,0.0,0.0,0.0,0.0,0.0,0.0,0.0711111111111111,0.0,0.06,0.1988888888888889,0.0,0.0,0.0,0.0,0.0,0.0044444444444444,0.0,0.04,0.0222222222222222,0.0,0.1022222222222222,0.0322222222222222,0.0,0.0,0.0,0.0,0.0,0.0,0.0,0.0,0.0066666666666666,0.0,0.9133333333333332,0.0477777777777777,0.0,0.0,0.0233333333333333,0.0011111111111111,0.0,0.0,1.16,0.7733333333333333,0.0,0.0,0.1277777777777777,0.0,0.0,0.0022222222222222,0.0,0.0477777777777777,0.14,0.0111111111111111,0.0122222222222222,0.0522222222222222,0.0255555555555555,0.1,0.0,0.0,0.0,0.0,0.0,0.0,0.0177777777777777,0.0322222222222222,0.0,0.0233333333333333,0.0566666666666666,0.0033333333333333,0.0,0.0,0.0,0.0,0.0,0.0,0.0,0.0,0.0133333333333333,0.0,0.0011111111111111,0.0,0.8544444444444445,0.7322222222222222,1.0255555555555556,0.1333333333333333,0.0,0.0,0.0,0.0,0.0,0.0,0.0622222222222222,0.0,0.0,0.0,0.0,0.0022222222222222,0.0,0.0,0.0144444444444444,0.0,0.0,0.0844444444444444,0.0455555555555555,0.0,0.0,0.0,0.0,0.0,0.0,0.0177777777777777,0.0144444444444444,0.0022222222222222,0.0822222222222222,0.0,0.0,0.0,0.0,0.1333333333333333,0.0,0.4522222222222222,0.0,0.0,0.0,0.0,0.0,0.0,0.0,0.0,0.0,0.0,0.0,0.0,0.0,0.0,0.0,0.0,0.0,0.0,0.0,0.0,0.0,0.0,0.0
comp_10,0.0,0.0,0.9766666666666668,0.9166666666666666,0.0,4.17,0.0,0.6766666666666666,1.3111111111111111,2.825555555555556,2.99,8.513333333333334,0.0133333333333333,0.8666666666666667,0.0,0.0,0.0044444444444444,0.0,0.0,0.0,2.477777777777778,3.9066666666666654,0.0,0.0,12.275555555555556,0.0,0.0,0.0077777777777777,0.0011111111111111,2.2944444444444443,0.0,4.664444444444444,7.027777777777778,0.0,0.0,2.251111111111112,0.0,0.0,3.6633333333333336,1.48,0.0,0.1811111111111111,0.0022222222222222,0.0,0.0,0.0,0.0011111111111111,0.0,0.0,0.0,0.0,0.0277777777777777,0.9833333333333332,0.0,0.0,0.0,0.0,0.0,0.0,0.0,0.0411111111111111,0.0,0.0766666666666666,0.14,0.0,0.0,0.0,0.0,0.0,0.0033333333333333,0.0,0.0177777777777777,0.0255555555555555,0.0,0.14,0.0311111111111111,0.0,0.0,0.0,0.0,0.0,0.0,0.0,0.0,0.0033333333333333,0.0,0.91,0.0,0.0,0.0,0.0244444444444444,0.0011111111111111,0.0,0.0,1.2055555555555555,0.7966666666666666,0.0,0.0,0.0777777777777777,0.0,0.0,0.0122222222222222,0.0,0.0911111111111111,0.2755555555555555,0.0022222222222222,0.0,0.0377777777777777,0.0366666666666666,0.0422222222222222,0.0,0.0,0.0,0.0,0.0,0.0,0.3744444444444444,0.0255555555555555,0.0,0.0033333333333333,0.0777777777777777,0.0022222222222222,0.0,0.0,0.0,0.0,0.0,0.0,0.0,0.0,0.0088888888888888,0.0,0.0055555555555555,0.0,0.9355555555555556,0.9311111111111112,1.02,0.0122222222222222,0.0,0.0,0.0,0.0,0.0,0.0,0.0677777777777777,0.0,0.0,0.0,0.0,0.0022222222222222,0.0,0.0,0.0066666666666666,0.0,0.0,0.0488888888888888,0.0322222222222222,0.0,0.0,0.0,0.0,0.0,0.0,0.01,0.0,0.0077777777777777,0.0,0.0,0.0,0.0,0.0,0.1511111111111111,0.0,0.3777777777777777,0.0,0.0,0.0,0.0,0.0,0.0,0.0,0.0,0.0,0.0,0.0,0.0,0.0,0.0,0.0,0.0,0.0,0.0,0.0,0.0,0.0,0.0,0.0
comp_10,0.0,0.0,0.9566666666666668,1.1888888888888889,0.0,4.081111111111111,0.0,0.6122222222222222,1.3422222222222222,2.6155555555555554,1.731111111111111,8.19111111111111,0.6366666666666667,0.8966666666666666,0.0,0.0,0.0055555555555555,0.0,0.0,0.0,0.9922222222222222,3.864444444444445,0.0,0.0,12.062222222222225,0.0022222222222222,0.0,0.0022222222222222,0.0133333333333333,1.1622222222222225,0.0,4.581111111111111,6.841111111111111,0.0,0.0,2.3777777777777778,0.0,0.0,3.531111111111111,1.4466666666666668,0.0,0.2944444444444444,0.0,0.0011111111111111,0.0,0.0,0.0,0.0033333333333333,0.0,0.0,0.0,0.0244444444444444,0.9822222222222222,0.0,0.0,0.0,0.0,0.0,0.0,0.0,0.0566666666666666,0.0,0.0677777777777777,0.1333333333333333,0.0,0.0,0.0,0.0,0.0,0.0011111111111111,0.0,0.0177777777777777,0.0288888888888888,0.0,0.1966666666666666,0.0088888888888888,0.0,0.0,0.0,0.0,0.0,0.0,0.0,0.0,0.0,0.0,0.8933333333333333,0.0477777777777777,0.0,0.0,0.0111111111111111,0.0022222222222222,0.0,0.0,1.2222222222222223,0.6688888888888889,0.0,0.0,0.08,0.0,0.0,0.0055555555555555,0.0,0.0788888888888888,0.1811111111111111,0.0044444444444444,0.0,0.0366666666666666,0.0311111111111111,0.0522222222222222,0.0,0.0,0.0,0.0,0.0,0.0,0.0377777777777777,0.0222222222222222,0.0,0.0133333333333333,0.0655555555555555,0.0022222222222222,0.0,0.0,0.0011111111111111,0.0055555555555555,0.0,0.0,0.0,0.0,0.0088888888888888,0.0,0.0044444444444444,0.0,0.91,0.7111111111111111,1.0344444444444445,0.1277777777777777,0.0,0.0,0.0,0.0,0.0,0.0,0.0511111111111111,0.0,0.0011111111111111,0.0,0.0,0.0044444444444444,0.0,0.0,0.0066666666666666,0.0,0.0,0.0711111111111111,0.05,0.0,0.0,0.0,0.0,0.0,0.0,0.0166666666666666,0.0022222222222222,0.0011111111111111,0.0155555555555555,0.0,0.0,0.0,0.0,0.1444444444444444,0.0,0.3988888888888889,0.0,0.0,0.0,0.0,0.0,0.0,0.0,0.0,0.0,0.0,0.0,0.0,0.0,0.0,0.0,0.0,0.0,0.0,0.0,0.0,0.0,0.0,0.0
comp_11,0.0,0.0,0.98,2.1133333333333333,0.0,4.348888888888889,0.0,0.15,1.4366666666666668,2.69,3.986666666666667,8.578888888888889,0.0088888888888888,1.0322222222222222,0.0,0.0,0.0,0.0,0.0,0.0,0.4466666666666666,4.3,0.0,0.0,12.315555555555555,0.0011111111111111,0.0,0.0,0.0,2.56,0.0,4.992222222222222,6.717777777777778,0.0,0.0,1.3977777777777778,0.0,0.0,2.9244444444444446,0.8466666666666667,0.0,0.0,0.0,0.0,0.0,0.0,0.0,0.0,0.0,0.0,0.0,0.0,0.9933333333333332,0.0,0.0,0.0,0.0,0.0,0.0,0.0,0.0188888888888888,0.0,0.0011111111111111,0.0,0.0,0.0,0.0,0.0,0.0,0.0,0.0,0.0,0.0,0.0,0.0,0.0,0.0,0.0,0.0,0.0,0.0,0.0,0.0,0.0,0.0011111111111111,0.0,0.8577777777777778,0.0,0.0,0.0,0.0,0.0,0.0,0.0,1.91,0.0055555555555555,0.0,0.0,0.1855555555555555,0.0,0.0,0.0155555555555555,0.0,0.0544444444444444,0.0811111111111111,0.0,0.0,0.0277777777777777,0.0022222222222222,0.1044444444444444,0.0,0.0,0.0,0.0,0.0,0.0,0.01,0.0322222222222222,0.0,0.0066666666666666,0.0,0.0,0.0,0.0,0.0,0.0211111111111111,0.0,0.0,0.0,0.0,0.0055555555555555,0.0,0.0122222222222222,0.0,0.9266666666666666,0.9855555555555556,0.9711111111111111,0.0022222222222222,0.0,0.0,0.0,0.0,0.0,0.0,0.0177777777777777,0.0,0.0,0.0,0.0,0.0111111111111111,0.0,0.0,0.0133333333333333,0.0,0.0,0.3111111111111111,0.1444444444444444,0.0,0.0,0.0,0.0,0.0,0.0,0.0011111111111111,0.0,0.0011111111111111,0.0,0.0,0.0,0.0,0.0,0.1188888888888888,0.0,0.39,0.0,0.0,0.0,0.0,0.0,0.0,0.0,0.0,0.0,0.0,0.0,0.0,0.0,0.0,0.0,0.0,0.0,0.0,0.0,0.0,0.0,0.0,0.0
comp_11,0.0,0.0,0.8288888888888889,1.8833333333333333,0.0,3.755555555555556,0.0,0.4088888888888889,1.33,3.488888888888889,4.028888888888889,8.786666666666667,0.0344444444444444,1.5322222222222222,0.0,0.0,0.0,0.0,0.0022222222222222,0.0,1.52,3.655555555555555,0.0,0.0,10.013333333333334,0.0022222222222222,0.0,0.0,0.0022222222222222,2.311111111111111,0.0,4.58,7.326666666666667,0.0,0.0,1.9277777777777776,0.0,0.0,3.542222222222222,1.538888888888889,0.0,0.0,0.0,0.0,0.0,0.0,0.0,0.0,0.0,0.0,0.0,0.0,0.9722222222222222,0.0,0.0,0.0,0.0,0.0,0.0,0.0,0.09,0.0,0.0,0.0011111111111111,0.0,0.0,0.0,0.0,0.0,0.0,0.0,0.0,0.0,0.0,0.0,0.0,0.0,0.0,0.0,0.0,0.0,0.0,0.0,0.0,0.0077777777777777,0.0,0.8733333333333333,0.0,0.0,0.0,0.0,0.0,0.0,0.0,1.9277777777777776,0.0255555555555555,0.0,0.0,0.1444444444444444,0.0,0.0,0.0144444444444444,0.0,0.0755555555555555,0.0788888888888888,0.01,0.0,0.0588888888888888,0.0,0.1444444444444444,0.0,0.0,0.0,0.0,0.0,0.0,0.0088888888888888,0.0322222222222222,0.0,0.0166666666666666,0.0,0.0,0.0,0.0,0.0,0.0,0.0,0.0,0.0,0.0,0.0066666666666666,0.0,0.0133333333333333,0.0,0.9411111111111112,0.9733333333333334,0.8366666666666667,0.0411111111111111,0.0,0.0,0.0,0.0,0.0,0.0,0.0255555555555555,0.0,0.0,0.0,0.0,0.0033333333333333,0.0,0.0,0.0044444444444444,0.0,0.0,0.1433333333333333,0.0244444444444444,0.0,0.0,0.0,0.0,0.0,0.0,0.0066666666666666,0.0,0.0266666666666666,0.0,0.0,0.0,0.0,0.0,0.2166666666666666,0.0,0.47,0.0,0.0,0.0,0.0,0.0,0.0,0.0,0.0,0.0,0.0,0.0,0.0,0.0,0.0,0.0,0.0,0.0,0.0,0.0,0.0,0.0,0.0,0.0
comp_11,0.0,0.0,0.9022222222222224,1.3855555555555557,0.0,4.2188888888888885,0.0,0.2088888888888889,1.4155555555555557,3.826666666666666,1.86,8.217777777777778,0.0366666666666666,1.5822222222222222,0.0,0.0,0.0,0.0,0.0,0.0,1.5244444444444445,3.705555555555556,0.0,0.0,11.856666666666667,0.0011111111111111,0.0,0.0,0.0,0.9811111111111112,0.0,5.35,6.435555555555555,0.0,0.0,1.76,0.0,0.0,3.9044444444444446,1.46,0.0,0.0,0.0,0.0,0.0,0.0,0.0,0.0,0.0,0.0,0.0,0.0,0.9711111111111111,0.0,0.0,0.0,0.0,0.0,0.0,0.0,0.0455555555555555,0.0,0.0011111111111111,0.0022222222222222,0.0,0.0,0.0,0.0,0.0,0.0,0.0,0.0033333333333333,0.0011111111111111,0.0,0.0,0.0,0.0,0.0,0.0,0.0,0.0,0.0,0.0,0.0,0.0055555555555555,0.0,0.8866666666666667,0.0,0.0,0.0,0.0,0.0,0.0,0.0,1.9466666666666668,0.0277777777777777,0.0,0.0,0.18,0.0,0.0,0.0,0.0,0.0255555555555555,0.2222222222222222,0.0022222222222222,0.0,0.0522222222222222,0.0044444444444444,0.0844444444444444,0.0,0.0,0.0,0.0,0.0,0.0,0.0022222222222222,0.0366666666666666,0.0,0.0044444444444444,0.0,0.0022222222222222,0.0,0.0,0.0022222222222222,0.0055555555555555,0.0,0.0,0.0,0.0,0.0188888888888888,0.0,0.0022222222222222,0.0,0.9411111111111112,0.76,1.0044444444444445,0.0488888888888888,0.0,0.0,0.0,0.0,0.0,0.0,0.0377777777777777,0.0,0.0,0.0,0.0,0.0066666666666666,0.0,0.0,0.0144444444444444,0.0,0.0,0.2466666666666666,0.08,0.0,0.0,0.0,0.0,0.0,0.0,0.0,0.0188888888888888,0.0033333333333333,0.0344444444444444,0.0,0.0,0.0,0.0,0.1177777777777777,0.0,0.4622222222222222,0.0,0.0,0.0,0.0,0.0,0.0,0.0,0.0,0.0,0.0,0.0,0.0,0.0,0.0,0.0,0.0,0.0,0.0,0.0,0.0,0.0,0.0,0.0
comp_12,0.0,0.0,0.7733333333333333,1.143333333333333,0.0,3.1266666666666665,0.0,0.8522222222222222,1.1855555555555557,3.028888888888889,3.037777777777778,8.287777777777778,0.9277777777777778,1.95,0.0,0.0,0.0,0.2711111111111111,0.2788888888888889,0.0033333333333333,3.045555555555556,2.9233333333333333,0.0,0.0,10.615555555555556,0.0,0.0,0.0,0.21,2.417777777777778,0.0,3.234444444444444,7.944444444444445,0.0344444444444444,0.0,0.0311111111111111,0.0,0.0,4.788888888888889,1.2933333333333332,0.0,0.0,0.0,0.0,0.0,0.0,0.0,0.0,0.0,0.0,0.0,0.0,0.9344444444444444,0.0,0.0,0.0,0.0,0.0,0.0,0.0,0.1377777777777777,0.0322222222222222,0.0,0.0011111111111111,0.0,0.4988888888888889,0.0,0.0,0.0,0.0,0.0,0.0,0.0,0.0,0.0,0.0122222222222222,0.0,0.0188888888888888,0.0822222222222222,0.0,0.0,0.0,0.0,0.0,0.0,0.0,0.8622222222222222,0.0,0.0,0.0,0.0,0.0011111111111111,0.43,0.0,1.971111111111111,0.06,0.0,0.0,0.2344444444444444,0.0,0.0,0.0,0.0,0.2433333333333333,0.2055555555555555,0.01,0.1,0.09,0.1166666666666666,0.06,0.0,0.0,0.0,0.0044444444444444,0.0,0.0066666666666666,0.0133333333333333,0.0411111111111111,0.0,0.0277777777777777,0.0,0.0077777777777777,0.0066666666666666,0.0,0.0122222222222222,0.0033333333333333,0.0,0.0,0.0,0.0,0.03,0.0,0.0922222222222222,0.0,0.2111111111111111,0.6544444444444445,0.9955555555555556,0.2533333333333333,0.0,0.0,0.0011111111111111,0.0044444444444444,0.0066666666666666,0.0011111111111111,0.0044444444444444,0.0,0.0,0.0,0.0,0.0,0.0,0.0,0.0677777777777777,0.0,0.0,0.0566666666666666,0.0233333333333333,0.0,0.0,0.0,0.0,0.0,0.0,0.1033333333333333,0.0,0.0222222222222222,0.1,0.0,0.0,0.0,0.0,0.1377777777777777,0.0,0.16,0.0,0.0,0.0,0.0,0.0,0.0,0.0,0.0,0.0,0.0,0.0,0.0,0.0,0.0,0.0,0.0,0.0,0.0,0.0,0.0,0.0,0.0,0.0
comp_12,0.0,0.0,0.8877777777777778,1.261111111111111,0.0,3.062222222222222,0.0,0.0522222222222222,1.1844444444444444,3.307777777777778,3.87,8.124444444444444,0.2433333333333333,1.6933333333333334,0.0,0.0066666666666666,0.0,0.2566666666666666,0.0211111111111111,0.1288888888888889,2.263333333333333,2.957777777777778,0.0,0.0,10.643333333333333,0.0,0.0,0.0,0.3011111111111111,2.6444444444444444,0.0,2.9877777777777776,8.072222222222223,0.3177777777777777,0.0,0.0466666666666666,0.0,0.0,3.9722222222222223,1.2444444444444445,0.0,0.0,0.0,0.0,0.0,0.0,0.0,0.0,0.0,0.0,0.0,0.0,0.9077777777777778,0.0,0.0,0.0,0.0,0.0011111111111111,0.0,0.0,0.0844444444444444,0.1211111111111111,0.0,0.0011111111111111,0.0,0.2155555555555555,0.0,0.0,0.0,0.0,0.0011111111111111,0.0,0.0,0.0,0.0,0.01,0.0,0.0511111111111111,0.0755555555555555,0.0022222222222222,0.0,0.0,0.0,0.0,0.0011111111111111,0.0,0.8633333333333333,0.0,0.0,0.0,0.0,0.0,0.4222222222222222,0.0,2.071111111111111,0.0833333333333333,0.0,0.0,0.2944444444444444,0.0,0.0,0.0044444444444444,0.0,0.0077777777777777,0.25,0.01,0.0366666666666666,0.1144444444444444,0.0911111111111111,0.0788888888888888,0.0,0.0,0.0,0.0044444444444444,0.0022222222222222,0.0588888888888888,0.0022222222222222,0.2288888888888889,0.0,0.0222222222222222,0.0,0.0011111111111111,0.0555555555555555,0.0,0.0522222222222222,0.0044444444444444,0.0,0.0,0.0,0.0,0.0177777777777777,0.0,0.0011111111111111,0.0,0.56,0.7077777777777777,1.0655555555555556,0.2033333333333333,0.0055555555555555,0.0,0.0011111111111111,0.0022222222222222,0.0066666666666666,0.0011111111111111,0.0144444444444444,0.0,0.0,0.0,0.0,0.0,0.0,0.0,0.0422222222222222,0.0,0.0,0.0322222222222222,0.07,0.0011111111111111,0.0,0.0,0.0,0.0,0.0,0.12,0.0055555555555555,0.0722222222222222,0.1044444444444444,0.0,0.0,0.0,0.0,0.1577777777777777,0.0,0.1244444444444444,0.0,0.0,0.0,0.0,0.0,0.0,0.0,0.0,0.0,0.0,0.0,0.0,0.0,0.0,0.0,0.0,0.0,0.0,0.0,0.0,0.0,0.0,0.0
comp_12,0.0,0.0,0.6533333333333333,1.0555555555555556,0.0,3.1444444444444444,0.0,0.8611111111111112,1.4266666666666667,4.251111111111111,4.246666666666667,9.20111111111111,0.0866666666666666,1.6344444444444444,0.1744444444444444,0.0488888888888888,0.0,0.2455555555555555,0.0,0.6233333333333333,3.1066666666666665,2.7777777777777777,0.0,0.0,8.867777777777778,0.0,0.0,0.0,0.0188888888888888,4.064444444444445,0.0,3.93,7.6722222222222225,0.1911111111111111,0.0,1.3,0.0,0.0,3.806666666666666,0.9811111111111112,0.0,0.0,0.0,0.0,0.0,0.0,0.0,0.0,0.0,0.0,0.0,0.0,0.8688888888888889,0.0,0.0,0.0,0.0,0.0011111111111111,0.0,0.0,0.1922222222222222,0.0177777777777777,0.0111111111111111,0.0,0.0,0.5955555555555555,0.0,0.0011111111111111,0.0,0.0,0.0,0.0,0.0,0.0,0.0022222222222222,0.0011111111111111,0.0,0.0122222222222222,0.2166666666666666,0.0,0.0,0.0,0.0,0.0044444444444444,0.0022222222222222,0.01,0.9122222222222224,0.0,0.0,0.0,0.0,0.0,0.6866666666666666,0.0,1.8044444444444443,0.1244444444444444,0.0,0.0,0.37,0.0,0.0,0.0077777777777777,0.0,0.2,0.1011111111111111,0.0355555555555555,0.0822222222222222,0.16,0.0022222222222222,0.24,0.0022222222222222,0.0,0.0,0.0644444444444444,0.0,0.0211111111111111,0.0,0.2977777777777777,0.0,0.0033333333333333,0.0088888888888888,0.0,0.0277777777777777,0.0,0.0888888888888888,0.0,0.0,0.0,0.0,0.0,0.0066666666666666,0.0,0.1633333333333333,0.0022222222222222,0.4177777777777778,0.74,0.8966666666666666,0.0333333333333333,0.1511111111111111,0.0,0.0444444444444444,0.0277777777777777,0.0,0.1644444444444444,0.0,0.0,0.0,0.0,0.0,0.0,0.0,0.0,0.1844444444444444,0.0,0.0,0.23,0.0233333333333333,0.04,0.0,0.0,0.0,0.0,0.0,0.02,0.0177777777777777,0.0955555555555555,0.1344444444444444,0.0,0.0233333333333333,0.0,0.0,0.1366666666666666,0.0,0.2533333333333333,0.0,0.0,0.0,0.0,0.0,0.0,0.0,0.0,0.0,0.0,0.0033333333333333,0.0,0.0,0.0,0.0,0.0,0.0,0.0,0.0,0.0,0.0,0.0,0.0
comp_13,0.0,0.0,0.9666666666666668,1.1922222222222223,0.0,4.044444444444444,0.0,0.5444444444444444,1.501111111111111,2.8866666666666667,4.147777777777778,9.302222222222222,0.56,0.6877777777777778,0.0,0.0,0.0,0.0,0.0288888888888888,0.0,0.1422222222222222,6.601111111111111,0.0,0.0,9.637777777777778,0.0,0.0,0.0,0.0122222222222222,1.941111111111111,0.0,4.975555555555555,6.854444444444445,0.0,0.0,1.068888888888889,0.0,0.0,4.193333333333333,1.6455555555555557,0.0,0.0,0.0,0.0,0.0,0.0,0.0,0.0,0.0,0.0,0.0,0.0,0.9955555555555556,0.0,0.0,0.0,0.0,0.0,0.0,0.0,0.0022222222222222,0.0,0.0033333333333333,0.0111111111111111,0.0,0.0,0.0,0.0,0.0,0.0,0.0,0.0011111111111111,0.0,0.0,0.0466666666666666,0.0211111111111111,0.0,0.0,0.0,0.0,0.0,0.0,0.0,0.0,0.0,0.0,0.9333333333333332,0.0,0.0,0.0,0.0,0.0011111111111111,0.0,0.0,1.1866666666666668,0.0044444444444444,0.0,0.0,0.0411111111111111,0.0,0.0,0.0077777777777777,0.0,0.0122222222222222,0.2533333333333333,0.0022222222222222,0.0011111111111111,0.0266666666666666,0.0166666666666666,0.0666666666666666,0.0,0.0,0.0,0.0,0.0,0.0,0.0122222222222222,0.0344444444444444,0.0,0.0111111111111111,0.0444444444444444,0.0,0.0,0.0,0.0,0.0,0.0,0.0,0.0,0.0,0.0088888888888888,0.0,0.0,0.0,0.9044444444444444,0.9088888888888887,0.9888888888888888,0.1911111111111111,0.0,0.0,0.0,0.0,0.1911111111111111,0.0,0.0377777777777777,0.0,0.0,0.0,0.0,0.0066666666666666,0.0,0.0,0.0155555555555555,0.0,0.0,0.5344444444444445,0.01,0.0,0.0,0.0,0.0,0.0,0.0,0.0166666666666666,0.0,0.0066666666666666,0.1533333333333333,0.0,0.0,0.0,0.0,0.1633333333333333,0.0,0.4466666666666666,0.0,0.0,0.0,0.0,0.0,0.0,0.0,0.0,0.0,0.0,0.0,0.0,0.0,0.0,0.0,0.0,0.0,0.0,0.0,0.0,0.0,0.0,0.0
comp_13,0.0,0.0,0.8777777777777778,1.8077777777777777,0.0,3.466666666666667,0.0,0.0955555555555555,1.3733333333333333,3.105555555555556,1.5744444444444443,8.417777777777777,0.9544444444444444,0.8922222222222222,0.0,0.0011111111111111,0.0,0.0,0.0,0.0022222222222222,0.3588888888888888,7.072222222222222,0.0,0.0,10.863333333333332,0.0,0.0,0.0011111111111111,0.0111111111111111,0.9111111111111112,0.0,4.925555555555556,7.016666666666667,0.0,0.0,1.0433333333333332,0.0,0.0,2.9455555555555555,1.6088888888888888,0.0,0.0,0.0,0.0,0.0,0.0,0.0,0.0,0.0,0.0,0.0,0.0,0.9866666666666668,0.0,0.0,0.0,0.0,0.0,0.0,0.0,0.0044444444444444,0.0,0.0133333333333333,0.0077777777777777,0.0,0.0,0.0,0.0,0.0,0.0,0.0,0.0022222222222222,0.0,0.0,0.0777777777777777,0.0244444444444444,0.0,0.0,0.0,0.0,0.0,0.0,0.0,0.0,0.0,0.0,0.8744444444444445,0.0,0.0,0.0,0.0,0.0033333333333333,0.0,0.0,1.25,0.0133333333333333,0.0,0.0,0.19,0.0,0.0,0.0044444444444444,0.0,0.0188888888888888,0.2055555555555555,0.0,0.0,0.0311111111111111,0.09,0.0522222222222222,0.0,0.0,0.0,0.0,0.0,0.0,0.05,0.0622222222222222,0.0,0.0066666666666666,0.08,0.0033333333333333,0.0,0.0,0.0,0.0055555555555555,0.0,0.0,0.0,0.0,0.0144444444444444,0.0,0.0,0.0,0.9333333333333332,0.8433333333333334,0.9522222222222222,0.3311111111111111,0.0011111111111111,0.0,0.0,0.0,0.07,0.0,0.05,0.0,0.0,0.0,0.0,0.0022222222222222,0.0,0.0,0.0233333333333333,0.0,0.0,0.3888888888888889,0.0444444444444444,0.0,0.0,0.0,0.0,0.0,0.0,0.0177777777777777,0.0388888888888888,0.0022222222222222,0.2522222222222222,0.0,0.0,0.0,0.0,0.1555555555555555,0.0,0.3844444444444444,0.0,0.0,0.0,0.0,0.0,0.0,0.0,0.0,0.0,0.0,0.0,0.0,0.0,0.0,0.0,0.0,0.0,0.0,0.0,0.0,0.0,0.0,0.0
comp_13,0.0,0.0,0.91,2.2977777777777777,0.0,4.1433333333333335,0.0,0.02,1.4188888888888889,2.8777777777777778,4.678888888888889,9.328888888888889,0.4144444444444444,0.9711111111111111,0.0,0.0,0.0,0.0,0.0011111111111111,0.0,0.2611111111111111,7.181111111111111,0.0,0.0,10.241111111111111,0.0,0.0,0.0,0.0055555555555555,2.036666666666666,0.0,4.116666666666666,6.578888888888889,0.0,0.0,1.3577777777777778,0.0,0.0,3.835555555555556,1.6788888888888889,0.0,0.0,0.0,0.0,0.0,0.0,0.0,0.0,0.0,0.0,0.0,0.0,0.9811111111111112,0.0,0.0,0.0,0.0,0.0,0.0,0.0,0.0,0.0,0.0044444444444444,0.0077777777777777,0.0,0.0,0.0,0.0,0.0,0.0,0.0,0.0,0.0,0.0,0.0488888888888888,0.0344444444444444,0.0,0.0,0.0,0.0,0.0,0.0,0.0,0.0,0.0,0.0,0.8211111111111111,0.0,0.0,0.0,0.0,0.0011111111111111,0.0,0.0,1.3,0.0144444444444444,0.0,0.0,0.2544444444444444,0.0,0.0,0.0044444444444444,0.0,0.0122222222222222,0.0711111111111111,0.0044444444444444,0.0,0.0466666666666666,0.1211111111111111,0.0655555555555555,0.0,0.0,0.0,0.0,0.0,0.0,0.0477777777777777,0.0322222222222222,0.0,0.0144444444444444,0.0344444444444444,0.0044444444444444,0.0,0.0,0.0,0.0011111111111111,0.0,0.0,0.0,0.0,0.01,0.0,0.0133333333333333,0.0,0.8855555555555555,0.9733333333333334,0.83,0.1166666666666666,0.0,0.0,0.0,0.0,0.0266666666666666,0.0,0.0366666666666666,0.0,0.0,0.0,0.0,0.0022222222222222,0.0,0.0,0.0344444444444444,0.0,0.0,0.3388888888888889,0.01,0.0,0.0,0.0,0.0,0.0,0.0,0.02,0.0,0.0077777777777777,0.0,0.0,0.0,0.0,0.0,0.1944444444444444,0.0,0.41,0.0,0.0,0.0,0.0,0.0,0.0,0.0,0.0,0.0,0.0,0.0,0.0,0.0,0.0,0.0,0.0,0.0,0.0,0.0,0.0,0.0,0.0,0.0
comp_14,0.0,0.0,0.9722222222222222,1.5277777777777777,0.0,2.948888888888889,0.0,0.0722222222222222,1.3077777777777777,3.203333333333333,3.1544444444444446,8.147777777777778,0.7855555555555556,1.0555555555555556,0.0,0.0255555555555555,0.0,1.021111111111111,0.0266666666666666,0.57,0.3733333333333333,6.691111111111111,0.0,0.0,12.737777777777778,0.0,0.0011111111111111,0.0022222222222222,0.0077777777777777,3.305555555555556,0.0,4.873333333333333,6.912222222222222,0.0122222222222222,0.0,2.2666666666666666,0.0,0.0,4.588888888888889,1.5533333333333332,0.0,0.0,0.0,0.0,0.0,0.0,0.0,0.0,0.0,0.0,0.0,0.0,0.9944444444444444,0.0,0.0,0.0,0.0,0.0,0.0,0.0,0.0011111111111111,0.0677777777777777,0.0066666666666666,0.0122222222222222,0.0,0.0611111111111111,0.0,0.0022222222222222,0.0,0.0,0.0,0.0,0.0,0.0,0.1666666666666666,0.0033333333333333,0.0,0.0122222222222222,0.0255555555555555,0.0,0.0,0.0,0.0,0.0,0.0,0.0,0.8666666666666667,0.0,0.0,0.0,0.0,0.0,0.6422222222222222,0.0,1.742222222222222,0.0044444444444444,0.0,0.0,0.1722222222222222,0.0,0.0,0.0,0.0,0.0055555555555555,0.2,0.0044444444444444,0.0055555555555555,0.0244444444444444,0.0711111111111111,0.0511111111111111,0.0,0.0,0.0,0.0377777777777777,0.0,0.01,0.0388888888888888,0.4044444444444444,0.0,0.03,0.0522222222222222,0.0,0.0033333333333333,0.0,0.15,0.01,0.0,0.0,0.0,0.0,0.0277777777777777,0.0,0.0,0.0,0.8911111111111111,0.6644444444444444,1.0733333333333333,0.1877777777777777,0.06,0.0,0.0033333333333333,0.0,0.1133333333333333,0.1522222222222222,0.0455555555555555,0.0,0.0,0.0,0.0,0.0,0.0,0.0,0.2222222222222222,0.0,0.0,0.7377777777777778,0.1377777777777777,0.0344444444444444,0.0,0.0,0.0,0.0,0.0,0.0122222222222222,0.0,0.0066666666666666,0.0088888888888888,0.0,0.0,0.0,0.0,0.1344444444444444,0.0,0.2522222222222222,0.0,0.0,0.0,0.0,0.0,0.0,0.0,0.0,0.0,0.0,0.0,0.0,0.0,0.0,0.0,0.0,0.0,0.0,0.0,0.0,0.0,0.0,0.0
comp_14,0.0,0.0,0.9411111111111112,1.4677777777777778,0.0,3.165555555555556,0.0,0.0522222222222222,1.301111111111111,3.0544444444444445,2.5166666666666666,7.4222222222222225,0.5077777777777778,1.2033333333333334,0.0,0.0122222222222222,0.0,0.24,0.0,0.5777777777777777,0.8466666666666667,4.464444444444444,0.0,0.0,12.945555555555556,0.0,0.0,0.0122222222222222,0.32,2.895555555555556,0.0,4.311111111111111,7.372222222222222,0.5255555555555556,0.0,0.0666666666666666,0.0,0.0,4.602222222222222,1.501111111111111,0.0,0.0,0.0,0.0,0.0,0.0,0.0,0.0,0.0,0.0,0.0,0.0,0.9833333333333332,0.0,0.0,0.0,0.0,0.0,0.0,0.0,0.0655555555555555,0.2277777777777777,0.0,0.0255555555555555,0.0,0.6144444444444445,0.0,0.0044444444444444,0.0,0.0,0.0,0.0133333333333333,0.0077777777777777,0.0,0.0633333333333333,0.0344444444444444,0.0,0.0455555555555555,0.2088888888888889,0.0022222222222222,0.0,0.0,0.0,0.0,0.0,0.0,0.8444444444444444,0.0,0.0,0.0,0.0044444444444444,0.0422222222222222,0.5622222222222222,0.0,1.44,0.0144444444444444,0.0,0.0,0.2566666666666666,0.0,0.0,0.0022222222222222,0.0,0.0144444444444444,0.2966666666666667,0.0088888888888888,0.0244444444444444,0.0455555555555555,0.0533333333333333,0.2366666666666666,0.0011111111111111,0.0,0.0,0.0011111111111111,0.0,0.0277777777777777,0.06,0.3055555555555556,0.0,0.02,0.0711111111111111,0.0011111111111111,0.17,0.0,0.0222222222222222,0.0144444444444444,0.0,0.0,0.0,0.0,0.0177777777777777,0.0,0.0,0.0,0.9022222222222224,0.7466666666666667,1.058888888888889,0.33,0.0155555555555555,0.0,0.0055555555555555,0.0,0.0,0.0,0.0944444444444444,0.0,0.0,0.0,0.0,0.0,0.0,0.0,0.1166666666666666,0.0,0.0,0.0,0.1266666666666666,0.0022222222222222,0.0,0.0,0.0,0.0,0.0,0.0733333333333333,0.0022222222222222,0.0177777777777777,0.06,0.0,0.0,0.0,0.0,0.1566666666666666,0.0,0.2055555555555555,0.0,0.0,0.0,0.0,0.0,0.0,0.0,0.0,0.0,0.0,0.0,0.0,0.0,0.0,0.0,0.0,0.0,0.0,0.0,0.0,0.0,0.0,0.0
comp_14,0.0,0.0,0.9644444444444444,1.258888888888889,0.0,3.537777777777778,0.0,1.3844444444444444,1.3022222222222222,2.7466666666666666,3.1266666666666665,8.195555555555556,1.1922222222222223,1.031111111111111,0.0255555555555555,0.0111111111111111,0.0,0.2688888888888889,0.0,0.8833333333333333,0.2977777777777777,6.578888888888889,0.0,0.0,12.236666666666666,0.0,0.0,0.0022222222222222,0.0133333333333333,4.477777777777778,0.0,4.614444444444445,7.206666666666667,0.0388888888888888,0.0,1.915555555555556,0.0,0.0,3.5444444444444443,1.6211111111111112,0.0,0.0,0.0,0.0,0.0,0.0,0.0,0.0,0.0,0.0,0.0,0.0,0.9844444444444445,0.0,0.0,0.0,0.0,0.0011111111111111,0.0,0.0,0.0155555555555555,0.1411111111111111,0.0344444444444444,0.0077777777777777,0.0,0.7733333333333333,0.0,0.0055555555555555,0.0,0.0,0.0,0.0,0.0,0.0,0.0822222222222222,0.03,0.0,0.0266666666666666,0.1855555555555555,0.0,0.0,0.0,0.0,0.0,0.0011111111111111,0.0,0.8677777777777778,0.0,0.0,0.0,0.0,0.0044444444444444,0.2555555555555555,0.0,1.3211111111111111,0.0133333333333333,0.0,0.0,0.1088888888888888,0.0,0.0,0.0033333333333333,0.0,0.07,0.2877777777777778,0.0011111111111111,0.0122222222222222,0.0388888888888888,0.1477777777777777,0.1822222222222222,0.0111111111111111,0.0,0.0,0.0422222222222222,0.0,0.0244444444444444,0.0177777777777777,0.1377777777777777,0.0,0.0155555555555555,0.0766666666666666,0.0,0.0066666666666666,0.0,0.0677777777777777,0.0122222222222222,0.0,0.0,0.0,0.0,0.0133333333333333,0.0,0.1244444444444444,0.0,0.82,0.7944444444444444,1.0355555555555556,0.3455555555555555,0.16,0.0,0.0044444444444444,0.0,0.0233333333333333,0.3433333333333333,0.01,0.0,0.0,0.0,0.0,0.0022222222222222,0.0,0.0,0.1311111111111111,0.0011111111111111,0.0,0.5111111111111111,0.0422222222222222,0.0111111111111111,0.0,0.0,0.0,0.0,0.0,0.0188888888888888,0.0288888888888888,0.0088888888888888,0.0166666666666666,0.0,0.0033333333333333,0.0,0.0,0.1622222222222222,0.0,0.2944444444444444,0.0,0.0,0.0,0.0,0.0,0.0,0.0,0.0,0.0,0.0,0.0,0.0,0.0,0.0,0.0,0.0,0.0,0.0,0.0,0.0,0.0,0.0,0.0
comp_15,0.0,0.0,0.5011111111111111,1.7344444444444445,0.0,3.4544444444444444,0.0,0.0622222222222222,1.492222222222222,4.306666666666667,0.8322222222222222,8.92,0.0266666666666666,2.056666666666666,0.0,0.0,0.0,0.0,0.0,0.0,2.031111111111111,4.961111111111111,0.0,0.0,8.436666666666667,0.0011111111111111,0.0,0.0,0.0,0.6855555555555556,0.0,5.438888888888889,5.775555555555556,0.0,0.0,1.52,0.0,0.0,4.401111111111111,1.3833333333333333,0.0,0.1222222222222222,0.0011111111111111,0.0,0.0,0.0,0.0,0.0,0.0,0.0,0.0,0.0,0.9522222222222222,0.0,0.0,0.0,0.0,0.0,0.0,0.0,0.0,0.0,0.0,0.0,0.0,0.0,0.0,0.0,0.0,0.0,0.0,0.0,0.0,0.0,0.0,0.0,0.0,0.0,0.0,0.0,0.0,0.0,0.0,0.0,0.0,0.0,0.8811111111111111,0.0,0.0,0.0,0.0,0.0,0.0,0.0,1.1188888888888888,0.0477777777777777,0.0,0.0,0.0511111111111111,0.0,0.0,0.0066666666666666,0.0,0.0066666666666666,0.0788888888888888,0.0,0.0,0.0844444444444444,0.0155555555555555,0.2,0.0,0.0,0.0,0.0,0.0,0.0,0.0155555555555555,0.3811111111111111,0.0,0.0311111111111111,0.0044444444444444,0.0,0.0,0.0,0.0,0.0,0.0,0.0,0.0,0.0,0.0011111111111111,0.0,0.0,0.0,0.6,0.8222222222222222,0.91,0.0044444444444444,0.0,0.0,0.0,0.0,0.0,0.0,0.0011111111111111,0.0,0.0,0.0,0.0,0.0011111111111111,0.0,0.0,0.0288888888888888,0.0,0.0,0.5655555555555556,0.0033333333333333,0.0,0.9633333333333334,0.0,0.0266666666666666,0.0,0.0,0.0,0.0011111111111111,0.0,0.0188888888888888,0.0,0.0,0.0,0.0,0.1188888888888888,0.0,0.4666666666666667,0.0,0.0,0.0,0.0,0.0,0.0,0.0,0.0,0.0,0.0,0.0,0.0,0.0,0.0,0.0,0.0,0.0,0.0,0.0,0.0,0.0,0.0,0.0
comp_15,0.0,0.0,0.0,0.6888888888888889,0.0,2.332222222222222,0.0,0.0,1.0711111111111111,4.084444444444444,0.8477777777777777,9.482222222222225,0.2211111111111111,3.19,0.0,0.0,0.0,0.2911111111111111,0.3822222222222222,0.0033333333333333,3.261111111111111,3.0,0.0,0.0,6.965555555555556,0.0,0.0,0.0,0.0022222222222222,0.5411111111111111,0.0,4.003333333333333,7.663333333333333,0.0066666666666666,0.0,0.3711111111111111,0.0,0.0,4.731111111111111,0.6033333333333334,0.0,0.0488888888888888,0.0,0.0,0.0,0.0,0.0,0.0,0.0,0.0,0.0,0.0,0.9788888888888888,0.0,0.0,0.0,0.0,0.0,0.0,0.0,0.0,0.0022222222222222,0.0,0.0,0.0,0.0,0.0,0.0,0.0,0.0,0.0,0.0,0.0,0.0,0.0,0.0,0.0,0.0,0.0,0.0,0.0,0.0,0.0,0.0,0.0,0.0,0.7566666666666667,0.0,0.0,0.0,0.0,0.0,0.0,0.0,1.24,0.0144444444444444,0.0,0.0,0.0066666666666666,0.0,0.0,0.0011111111111111,0.0,0.0,0.3766666666666666,0.0,0.0066666666666666,0.0477777777777777,0.0044444444444444,0.0855555555555555,0.0,0.0,0.0,0.0,0.0,0.1055555555555555,0.0188888888888888,0.1588888888888888,0.0,0.0,0.0044444444444444,0.0066666666666666,0.0077777777777777,0.0,0.0388888888888888,0.0,0.0,0.0,0.0,0.0,0.0055555555555555,0.0,0.0,0.0,0.6588888888888889,0.74,1.1355555555555557,0.1844444444444444,0.0,0.0,0.0,0.13,0.2911111111111111,0.0,0.0055555555555555,0.0,0.0,0.0,0.0,0.0,0.0,0.0,0.0,0.0,0.0,0.3055555555555556,0.0,0.0222222222222222,0.6788888888888889,0.0,0.2322222222222222,0.0,0.0,0.0166666666666666,0.0866666666666666,0.0122222222222222,0.0233333333333333,0.0,0.0,0.0,0.0,0.27,0.0,0.0,0.0,0.0,0.0,0.0,0.0,0.0,0.0,0.0,0.0,0.0,0.0,0.0,0.0,0.0,0.0,0.0,0.0,0.0,0.0,0.0,0.0,0.0,0.0
comp_15,0.0044444444444444,0.0,0.7566666666666667,0.8344444444444444,0.0,2.781111111111111,0.0,0.1244444444444444,1.45,4.844444444444444,0.5044444444444445,7.771111111111111,0.0077777777777777,2.395555555555556,0.0011111111111111,0.0,0.0,0.0055555555555555,0.0277777777777777,0.0055555555555555,2.948888888888889,2.861111111111111,0.0,0.0,11.262222222222222,0.0244444444444444,0.0,0.0,0.0022222222222222,0.8977777777777778,0.0,4.74,6.87,0.0011111111111111,0.0,1.4466666666666668,0.0,0.0,2.82,1.0822222222222222,0.0,0.0466666666666666,0.0,0.0,0.0,0.0,0.0011111111111111,0.0,0.0,0.0,0.0,0.0,0.9555555555555556,0.0,0.0,0.0,0.0,0.0,0.0,0.0,0.0,0.0011111111111111,0.0,0.0,0.0,0.0,0.0,0.0,0.0,0.0,0.0,0.0,0.0,0.0,0.0,0.0,0.0,0.0,0.0,0.0,0.0,0.0,0.0,0.0,0.0,0.0,0.8422222222222222,0.0,0.0,0.0,0.0,0.0,0.0,0.0,1.1511111111111112,0.04,0.0,0.0,0.2433333333333333,0.0,0.0,0.0088888888888888,0.0,0.0233333333333333,0.1866666666666666,0.0,0.0222222222222222,0.0777777777777777,0.0033333333333333,0.2433333333333333,0.0,0.0,0.0,0.0,0.0077777777777777,0.0,0.0266666666666666,0.1133333333333333,0.0,0.0833333333333333,0.0,0.0022222222222222,0.0111111111111111,0.0,0.0577777777777777,0.0,0.0,0.0,0.0,0.0,0.0088888888888888,0.0,0.0,0.0,0.3933333333333333,0.63,1.048888888888889,0.0011111111111111,0.0066666666666666,0.0,0.0,0.0,0.0,0.0011111111111111,0.04,0.0,0.0022222222222222,0.0,0.0,0.0011111111111111,0.0,0.0,0.0033333333333333,0.0,0.0,0.2711111111111111,0.0077777777777777,0.0066666666666666,0.9311111111111112,0.0,0.0533333333333333,0.0,0.0,0.0077777777777777,0.0711111111111111,0.0,0.0477777777777777,0.0022222222222222,0.0,0.0,0.0011111111111111,0.2388888888888889,0.0,0.2277777777777777,0.0,0.0,0.0,0.0,0.0,0.0,0.0,0.0,0.0,0.0,0.0,0.0,0.0,0.0,0.0,0.0011111111111111,0.0,0.0,0.0,0.0,0.0,0.0,0.0
comp_16,0.0033333333333333,0.0,2.223333333333333,0.4111111111111111,0.0,3.2133333333333334,0.0,1.7466666666666666,1.4433333333333334,8.234444444444444,0.3833333333333333,8.692222222222222,1.7666666666666666,0.1944444444444444,0.0,0.0022222222222222,0.0,0.0033333333333333,0.6322222222222222,0.0011111111111111,1.4088888888888889,2.6133333333333333,0.0,0.0,9.108888888888888,0.0044444444444444,0.0,0.0,0.0,1.0955555555555556,0.0,4.344444444444444,6.8,0.0011111111111111,0.0,2.738888888888889,0.0,0.0,3.2333333333333334,1.2633333333333334,0.0066666666666666,0.1077777777777777,0.0255555555555555,0.0,0.0,0.0,0.0,0.0011111111111111,0.0,0.0,0.02,0.8144444444444444,0.9722222222222222,0.0066666666666666,0.0,0.0,0.0,0.0,0.0,0.0022222222222222,0.0255555555555555,0.0,0.0144444444444444,0.0,0.0,0.0,0.0,0.0,0.0,0.0033333333333333,0.0,0.0,0.0,0.0,0.0,0.0,0.0,0.0,0.0,0.0,0.0,0.0,0.0,0.0,0.0,0.0,0.8933333333333333,0.01,0.0,0.0,0.0,0.0,0.0,0.0,1.1366666666666667,0.0677777777777777,0.0,0.0,0.7877777777777778,0.0,0.0,0.0066666666666666,0.0,0.8044444444444444,0.2255555555555555,0.0,0.0044444444444444,0.0544444444444444,0.0922222222222222,0.1077777777777777,0.0011111111111111,0.0,0.0,0.0,0.0611111111111111,0.0,0.0388888888888888,0.1355555555555555,0.0,0.05,0.0,0.0,0.0055555555555555,0.0,0.0622222222222222,0.0,0.0,0.0,0.0,0.0,0.0066666666666666,0.0,0.0288888888888888,0.0,0.1011111111111111,0.3588888888888888,1.0277777777777777,0.1977777777777777,0.0,0.0,0.0,0.0,0.0022222222222222,0.0,0.0,0.0,0.0,0.0,0.0,0.0044444444444444,0.0,0.0,0.0,0.0,0.0,0.3477777777777778,0.0,0.0,0.9755555555555556,0.0,0.0111111111111111,0.0,0.0,0.0,0.0677777777777777,0.0,0.0166666666666666,0.0,0.0,0.0,0.0,0.3588888888888888,0.0,0.2522222222222222,0.0,0.0,0.0,0.0,0.0,0.0066666666666666,0.0044444444444444,0.0,0.0,0.0,0.0,0.0,0.0,0.0,0.0,0.0,0.0,0.0,0.0,0.0,0.0,0.0,0.0
comp_16,0.0,0.0177777777777777,0.9811111111111112,1.3144444444444443,0.0011111111111111,2.8422222222222224,0.0,0.0511111111111111,1.3344444444444443,5.254444444444444,4.64,8.465555555555556,0.7533333333333333,1.78,0.0,0.0,0.0,0.0,0.0066666666666666,0.0,2.5122222222222224,3.91,0.0,0.0,10.232222222222225,0.0133333333333333,0.0,0.0,0.04,1.6522222222222225,0.0,2.7977777777777777,8.334444444444445,0.0,0.0,1.491111111111111,0.0,0.0,3.4233333333333333,1.1511111111111112,0.0022222222222222,0.2077777777777777,0.02,0.0055555555555555,0.0,0.0,0.0,0.0055555555555555,0.0055555555555555,0.0,0.0055555555555555,0.2077777777777777,0.9411111111111112,0.0166666666666666,0.0688888888888888,0.0033333333333333,0.0,0.0,0.0,0.0,0.0222222222222222,0.0,0.0111111111111111,0.0055555555555555,0.0,0.0,0.0,0.0,0.0,0.0,0.0,0.0011111111111111,0.0011111111111111,0.0,0.0,0.0033333333333333,0.0,0.0,0.0,0.0,0.0,0.0011111111111111,0.0,0.0,0.0,0.0,0.8777777777777778,0.0077777777777777,0.0,0.0,0.0,0.0022222222222222,0.0,0.0,1.2455555555555555,0.3311111111111111,0.0,0.0044444444444444,0.2444444444444444,0.0,0.0,0.0155555555555555,0.0,0.0133333333333333,0.2611111111111111,0.0022222222222222,0.0033333333333333,0.1,0.1233333333333333,0.1233333333333333,0.0,0.0,0.0,0.0,0.0033333333333333,0.0,0.0277777777777777,0.1166666666666666,0.0,0.0455555555555555,0.0177777777777777,0.0066666666666666,0.0,0.0,0.04,0.0022222222222222,0.0,0.0044444444444444,0.0,0.0,0.0122222222222222,0.0,0.0011111111111111,0.0,0.3188888888888889,0.7233333333333334,0.9866666666666668,0.1744444444444444,0.0,0.01,0.0,0.0,0.0,0.0,0.0177777777777777,0.0,0.0,0.0,0.0,0.0,0.0,0.0,0.0055555555555555,0.0,0.0,0.1566666666666666,0.0088888888888888,0.0,0.5555555555555556,0.0,0.2566666666666666,0.0,0.0,0.0444444444444444,0.0,0.0011111111111111,0.0044444444444444,0.0022222222222222,0.0,0.0,0.0,0.33,0.0,0.1477777777777777,0.0,0.0,0.0,0.0,0.0,0.0,0.0,0.0,0.0,0.0,0.0,0.0,0.0,0.0,0.0,0.0,0.0,0.0,0.0,0.0,0.0,0.0,0.0
comp_16,0.0,0.0,0.5866666666666667,1.3955555555555557,0.0011111111111111,2.84,0.0,0.35,1.3733333333333333,4.007777777777778,0.7122222222222222,7.78,0.0811111111111111,3.011111111111111,0.0,0.0,0.0511111111111111,0.0844444444444444,0.0,0.0,3.5344444444444445,2.3722222222222222,0.0,0.0,10.347777777777775,0.0,0.0,0.0044444444444444,0.1488888888888888,0.4477777777777778,0.0,3.975555555555556,8.068888888888889,3.73,0.0,0.0011111111111111,0.0,0.0,3.066666666666667,1.2244444444444444,0.0,0.1933333333333333,0.0011111111111111,0.0044444444444444,0.0,0.0,0.0,0.0,0.0188888888888888,0.0011111111111111,0.0,0.1466666666666666,0.7788888888888889,0.0,0.0944444444444444,0.0,0.0,0.0,0.0,0.0,0.0166666666666666,0.0,0.0,0.0022222222222222,0.0,0.0,0.0011111111111111,0.0,0.0033333333333333,0.0,0.0,0.0,0.0,0.0,0.0,0.0022222222222222,0.0,0.0,0.0,0.0,0.0,0.0,0.0,0.0,0.0011111111111111,0.0,0.88,0.0,0.0111111111111111,0.0,0.0,0.0,0.0,0.0,1.221111111111111,0.5755555555555556,0.0,0.0,0.1933333333333333,0.0,0.0,0.0044444444444444,0.0,0.1011111111111111,0.3477777777777778,0.02,0.0011111111111111,0.2677777777777778,0.0144444444444444,0.1988888888888889,0.0,0.0,0.0011111111111111,0.0022222222222222,0.0,0.0,0.0322222222222222,0.0022222222222222,0.0,0.01,0.01,0.0011111111111111,0.0866666666666666,0.0,0.0033333333333333,0.0,0.0,0.0,0.0,0.0,0.0077777777777777,0.0,0.0,0.0,0.4233333333333333,0.7222222222222222,0.9966666666666668,0.0222222222222222,0.0,0.0155555555555555,0.0,0.06,0.0,0.0,0.0066666666666666,0.0088888888888888,0.0,0.0,0.0,0.0011111111111111,0.0,0.0,0.0211111111111111,0.0,0.0,0.0,0.0077777777777777,0.0,0.3533333333333333,0.0,0.4077777777777778,0.0,0.0,0.1088888888888888,0.0055555555555555,0.0044444444444444,0.03,0.0,0.0,0.0,0.0,0.2422222222222222,0.0,0.2322222222222222,0.0,0.0,0.0,0.0,0.0,0.0,0.0,0.0,0.0,0.0,0.0,0.0,0.0,0.0,0.0,0.0,0.0,0.0,0.0,0.0,0.0011111111111111,0.0,0.0088888888888888
comp_17,0.0,0.0011111111111111,0.95,0.8944444444444445,0.0,3.238888888888889,0.0,0.0133333333333333,1.3288888888888888,11.698888888888888,2.806666666666666,7.354444444444445,2.5244444444444443,2.815555555555556,0.0,0.01,0.8711111111111111,0.2422222222222222,1.011111111111111,0.0211111111111111,4.838888888888889,3.448888888888889,0.0133333333333333,0.0,11.982222222222225,0.0044444444444444,0.0,0.0,0.0,3.37,0.0,4.0377777777777775,7.08,0.0,0.0,0.0522222222222222,0.0,0.0011111111111111,3.9644444444444447,1.35,0.0,0.0044444444444444,0.0,0.0,0.0,0.0,0.0,0.0,0.0,0.0,0.0,0.9544444444444444,0.9511111111111112,0.0,0.0122222222222222,0.0,0.0,0.0011111111111111,0.0,0.0,0.0266666666666666,0.0711111111111111,0.0,0.0011111111111111,0.0,0.7088888888888889,0.0,0.0,0.0,0.0011111111111111,0.0,0.0,0.0011111111111111,0.0,0.0,0.0,0.0,0.0177777777777777,0.0777777777777777,0.0,0.0,0.0011111111111111,0.0,0.0,0.0111111111111111,0.0,0.87,0.0,0.0,0.0,0.0,0.0,0.5844444444444444,0.0,1.227777777777778,0.0622222222222222,0.0,0.0,0.39,0.0,0.0,0.0055555555555555,0.0,0.0,0.3255555555555555,0.2233333333333333,0.0022222222222222,0.09,0.1677777777777777,0.1066666666666666,0.0,0.0,0.0,0.0,0.01,0.0277777777777777,0.0777777777777777,0.0777777777777777,0.0,0.0211111111111111,0.0011111111111111,0.0011111111111111,0.0,0.0,0.0044444444444444,0.0233333333333333,0.0,0.0,0.0,0.0,0.0088888888888888,0.0011111111111111,0.0,0.0,0.96,0.5944444444444444,1.0444444444444445,0.63,0.0,0.2122222222222222,0.0,0.0,0.0111111111111111,0.0055555555555555,0.0022222222222222,0.1477777777777777,0.0,0.0,0.0,0.0,0.0,0.0,0.0455555555555555,0.0,0.0,0.1333333333333333,0.0722222222222222,0.0,0.9977777777777778,0.0,0.0,0.0,0.0,0.0,0.0055555555555555,0.0,0.0255555555555555,0.0,0.0,0.0,0.0,0.2422222222222222,0.0,0.1688888888888889,0.0,0.0,0.0,0.0,0.0,0.0,0.0,0.0,0.0,0.0,0.0,0.0,0.0,0.0,0.0,0.0,0.0,0.0,0.0,0.0,0.0,0.0,0.0
comp_17,0.0,0.0022222222222222,0.9855555555555556,0.9888888888888888,0.0,4.242222222222222,0.0,0.0266666666666666,1.4055555555555554,11.528888888888888,3.28,7.873333333333333,2.1744444444444446,2.665555555555556,0.0233333333333333,0.0033333333333333,0.8722222222222222,0.2311111111111111,0.8933333333333333,0.2244444444444444,4.297777777777778,3.1777777777777776,0.0033333333333333,0.0,11.85777777777778,0.0,0.0,0.0,0.0,3.2688888888888887,0.0,4.115555555555556,6.697777777777778,0.0,0.0,0.0366666666666666,0.0,0.0,4.555555555555555,1.5622222222222222,0.0,0.0033333333333333,0.0,0.0,0.0,0.0,0.0,0.0,0.0,0.0,0.0,0.9255555555555556,0.9611111111111112,0.0,0.0244444444444444,0.0,0.0,0.0,0.0,0.0,0.0188888888888888,0.1844444444444444,0.0,0.0011111111111111,0.0,0.6677777777777778,0.0,0.0022222222222222,0.0,0.0,0.0,0.0088888888888888,0.0,0.0,0.0,0.0,0.0,0.0444444444444444,0.1066666666666666,0.0,0.0,0.0,0.0,0.0,0.01,0.0,0.8877777777777778,0.0,0.0,0.0,0.0,0.0,0.4266666666666667,0.0,1.2122222222222223,0.0644444444444444,0.0,0.0,0.4422222222222222,0.0,0.0,0.0055555555555555,0.0,0.0033333333333333,0.2311111111111111,0.1788888888888888,0.0011111111111111,0.07,0.0955555555555555,0.1144444444444444,0.0,0.0,0.0,0.0,0.0044444444444444,0.0455555555555555,0.0377777777777777,0.1511111111111111,0.0,0.0044444444444444,0.0,0.0,0.0,0.0,0.0033333333333333,0.02,0.0,0.0011111111111111,0.0,0.0,0.01,0.0,0.0,0.0,0.9188888888888888,0.6466666666666666,1.0355555555555556,0.5033333333333333,0.0011111111111111,0.1933333333333333,0.0011111111111111,0.0,0.0088888888888888,0.0366666666666666,0.1866666666666666,0.0922222222222222,0.0,0.0,0.0,0.0,0.0,0.0,0.0811111111111111,0.0,0.0,0.0844444444444444,0.0888888888888888,0.0011111111111111,0.9844444444444445,0.0,0.0011111111111111,0.0,0.0,0.0,0.0022222222222222,0.0,0.0022222222222222,0.0,0.0,0.0,0.0,0.2266666666666666,0.0,0.2155555555555555,0.0,0.0,0.0,0.0,0.0,0.0,0.0,0.0,0.0,0.0,0.0,0.0,0.0,0.0,0.0,0.0,0.0,0.0,0.0,0.0,0.0,0.0,0.0
comp_17,0.0,0.0022222222222222,0.9711111111111111,0.8266666666666667,0.0,3.6266666666666665,0.0,0.0122222222222222,1.403333333333333,11.838888888888889,3.4366666666666665,7.567777777777778,0.9566666666666668,2.7666666666666666,0.0366666666666666,0.0088888888888888,0.9155555555555556,0.0155555555555555,0.0188888888888888,1.1166666666666667,5.0488888888888885,5.011111111111111,0.0088888888888888,0.0,11.654444444444444,0.0,0.0,0.0,0.0,4.364444444444445,0.0,4.612222222222222,6.57,0.0255555555555555,0.0,2.1444444444444444,0.0,0.0,3.1555555555555554,1.3677777777777778,0.0,0.0011111111111111,0.0022222222222222,0.0033333333333333,0.0,0.0,0.0,0.0,0.0,0.0,0.0,0.9088888888888887,0.96,0.0,0.0311111111111111,0.0,0.0,0.0,0.0011111111111111,0.0,0.0111111111111111,0.1033333333333333,0.0022222222222222,0.0,0.0,0.7833333333333333,0.0011111111111111,0.0066666666666666,0.0,0.0,0.0,0.0033333333333333,0.0,0.0,0.0,0.0,0.0,0.0255555555555555,0.1388888888888889,0.0,0.0,0.0,0.0,0.0,0.0166666666666666,0.0,0.8477777777777777,0.0,0.0,0.0,0.0022222222222222,0.0,0.3533333333333333,0.0,1.231111111111111,0.0833333333333333,0.0,0.0,0.5866666666666667,0.0,0.0,0.0033333333333333,0.0,0.0022222222222222,0.3877777777777778,0.2011111111111111,0.0188888888888888,0.0722222222222222,0.1,0.0944444444444444,0.0111111111111111,0.0,0.0,0.0066666666666666,0.0,0.0222222222222222,0.1011111111111111,0.1566666666666666,0.0,0.0333333333333333,0.0,0.0011111111111111,0.01,0.0,0.0844444444444444,0.0466666666666666,0.0,0.0,0.0,0.0,0.0155555555555555,0.0,0.0011111111111111,0.0,0.9555555555555556,0.67,1.041111111111111,0.24,0.1877777777777777,0.18,0.0044444444444444,0.0,0.0155555555555555,0.4166666666666667,0.0933333333333333,0.1144444444444444,0.0,0.0,0.0,0.0011111111111111,0.0,0.0,0.1466666666666666,0.0,0.0,0.4355555555555555,0.0788888888888888,0.04,0.9911111111111112,0.0011111111111111,0.0011111111111111,0.0,0.0,0.0011111111111111,0.0266666666666666,0.0,0.0022222222222222,0.0,0.01,0.0,0.0,0.1388888888888889,0.0,0.3733333333333333,0.0,0.0,0.0,0.0,0.0,0.0,0.0,0.0,0.0,0.0,0.0,0.0,0.0,0.0,0.0,0.0,0.0,0.0,0.0,0.0,0.0,0.0,0.0
comp_18,0.0,0.0,0.9488888888888888,0.8566666666666667,0.0,4.216666666666667,0.0122222222222222,0.9311111111111112,1.48,9.886666666666668,2.908888888888889,8.266666666666667,0.06,2.7644444444444445,0.0,0.0,3.311111111111111,0.0,0.0,0.0,6.816666666666666,3.938888888888889,0.1755555555555555,0.0,11.072222222222225,0.0044444444444444,0.0,0.0,0.0,2.082222222222222,0.0,4.262222222222222,6.771111111111111,0.0,0.0,2.6244444444444444,0.0,0.0,3.684444444444445,1.502222222222222,0.0,0.0,0.0,0.0,0.0,0.0,0.0,0.0,0.0,0.0,0.0,0.0,0.9822222222222222,0.0,0.0,0.0,0.0,0.0,0.0,0.0,0.0011111111111111,0.0,0.0,0.0044444444444444,0.0,0.0,0.0,0.0,0.0,0.0,0.0,0.0011111111111111,0.0,0.0,0.0,0.0,0.0,0.0,0.0,0.0,0.0,0.0,0.0,0.0,0.6855555555555556,0.0,0.9277777777777778,0.0,0.0,0.0,0.0422222222222222,0.0,0.0,0.0,1.3388888888888888,0.0144444444444444,0.0,0.0,0.0811111111111111,0.0,0.0,0.0244444444444444,0.0033333333333333,0.1677777777777777,0.3633333333333333,0.1644444444444444,0.0,0.0633333333333333,0.0022222222222222,0.2477777777777778,0.0,0.0,0.0677777777777777,0.0,0.0,0.0,0.2211111111111111,0.0488888888888888,0.0,0.0311111111111111,0.0,0.0022222222222222,0.0,0.0,0.0,0.0022222222222222,0.0,0.0,0.0,0.0,0.01,0.1133333333333333,0.0511111111111111,0.0,0.3122222222222222,0.8655555555555555,0.9466666666666668,0.0544444444444444,0.0,0.06,0.0,0.0,0.0,0.0,0.1433333333333333,0.0622222222222222,0.0,0.0,0.0,0.0033333333333333,0.0,0.0,0.0033333333333333,0.0,0.0044444444444444,0.0666666666666666,0.0111111111111111,0.0,1.0,0.0,0.0,0.0,0.0,0.0,0.0,0.0,0.0,0.0,0.0,0.0,0.0,0.2344444444444444,0.0,0.3422222222222222,0.0,0.0,0.0,0.0,0.0,0.0,0.0,0.0,0.0,0.0,0.0,0.0,0.0,0.0,0.0,0.0,0.0,0.0,0.0,0.0,0.0,0.0,0.0
comp_18,0.0,0.0,0.9333333333333332,0.7677777777777778,0.0,4.464444444444444,0.0377777777777777,0.9011111111111112,1.478888888888889,9.86888888888889,1.42,8.374444444444444,0.0166666666666666,2.8366666666666664,0.0,0.0,3.773333333333333,0.0,0.0,0.0,7.095555555555555,4.525555555555556,0.2544444444444444,0.0,11.706666666666669,0.0077777777777777,0.0,0.0,0.0,1.1933333333333334,0.0,5.021111111111111,6.066666666666666,0.0,0.0,2.375555555555556,0.0,0.0,3.718888888888889,1.6455555555555557,0.0,0.0,0.0,0.0,0.0,0.0,0.0,0.0,0.0,0.0,0.0,0.0,0.9744444444444444,0.0,0.0,0.0,0.0,0.0,0.0,0.0,0.0,0.0,0.0,0.0011111111111111,0.0,0.0,0.0,0.0,0.0,0.0,0.0,0.0,0.0,0.0,0.0,0.0,0.0,0.0,0.0,0.0,0.0,0.0,0.0,0.0,0.74,0.0,0.9266666666666666,0.0,0.0,0.0,0.0,0.0,0.0,0.0,1.3288888888888888,0.0188888888888888,0.0,0.0,0.0633333333333333,0.0,0.0,0.0044444444444444,0.0011111111111111,0.0755555555555555,0.2011111111111111,0.1711111111111111,0.0011111111111111,0.0511111111111111,0.0,0.0566666666666666,0.0,0.0,0.0711111111111111,0.0,0.0,0.0,0.4322222222222222,0.0611111111111111,0.0,0.0222222222222222,0.0,0.0011111111111111,0.0,0.0,0.0,0.0,0.0,0.0,0.0,0.0,0.0177777777777777,0.16,0.0122222222222222,0.0,0.26,0.6744444444444444,0.9855555555555556,0.0233333333333333,0.0,0.04,0.0,0.0,0.0,0.0,0.0,0.0855555555555555,0.0,0.0,0.0,0.0144444444444444,0.0,0.0,0.0011111111111111,0.0,0.0011111111111111,0.0422222222222222,0.0155555555555555,0.0,1.0,0.0,0.0,0.0,0.0,0.0,0.0466666666666666,0.0,0.0288888888888888,0.0,0.0,0.0,0.0,0.2055555555555555,0.0,0.4544444444444444,0.0,0.0,0.0,0.0,0.0,0.0,0.0,0.0,0.0,0.0,0.0,0.0,0.0,0.0,0.0,0.0,0.0,0.0,0.0,0.0,0.0,0.0,0.0
comp_18,0.0,0.0,0.6688888888888889,0.8644444444444445,0.0,4.072222222222222,0.0155555555555555,1.8877777777777776,1.4422222222222223,7.8822222222222225,2.2288888888888887,8.686666666666667,0.3066666666666666,3.617777777777778,0.0,0.0,1.6322222222222222,0.0,0.0011111111111111,0.0,5.671111111111111,3.5544444444444445,0.0466666666666666,0.0,11.405555555555557,0.0,0.0,0.0,0.0111111111111111,1.4644444444444444,0.0,3.6433333333333335,6.778888888888889,0.0,0.0,1.903333333333333,0.0,0.0,3.4055555555555554,0.8844444444444445,0.0,0.0022222222222222,0.0,0.0022222222222222,0.0,0.0,0.0,0.0,0.0,0.0,0.0,0.0,0.9577777777777776,0.0,0.2611111111111111,0.0,0.0,0.0,0.0,0.0,0.1555555555555555,0.0,0.0022222222222222,0.1166666666666666,0.0,0.0,0.0,0.0,0.0,0.0011111111111111,0.0,0.0066666666666666,0.0011111111111111,0.0,0.0022222222222222,0.02,0.0,0.0,0.0,0.0,0.0,0.0,0.0,0.0,0.3644444444444444,0.0,0.9044444444444444,0.0,0.0,0.0,0.0133333333333333,0.0033333333333333,0.0,0.0,1.3377777777777775,0.0344444444444444,0.0,0.0,0.0733333333333333,0.0,0.0,0.0188888888888888,0.0,0.4933333333333333,0.2211111111111111,0.1088888888888888,0.0066666666666666,0.0822222222222222,0.0166666666666666,0.1433333333333333,0.0,0.0,0.02,0.0,0.0022222222222222,0.0044444444444444,0.3077777777777777,0.0411111111111111,0.0,0.0033333333333333,0.0,0.0022222222222222,0.0055555555555555,0.0,0.0,0.0,0.0,0.0,0.0,0.0,0.0055555555555555,0.0444444444444444,0.0255555555555555,0.0,0.5744444444444444,0.7011111111111111,0.99,0.1333333333333333,0.0,0.0355555555555555,0.0,0.0,0.0011111111111111,0.0422222222222222,0.0622222222222222,0.0255555555555555,0.0,0.0,0.0,0.0066666666666666,0.0,0.0,0.0033333333333333,0.0,0.0022222222222222,0.1144444444444444,0.0033333333333333,0.0,0.8244444444444444,0.0,0.0077777777777777,0.0,0.0,0.0222222222222222,0.0044444444444444,0.0,0.0844444444444444,0.0022222222222222,0.0,0.0,0.0,0.2555555555555555,0.0,0.2455555555555555,0.0,0.0,0.0,0.0,0.0,0.0,0.0,0.0,0.0,0.0,0.0,0.0,0.0,0.0,0.0,0.0,0.0,0.0,0.0,0.0,0.0,0.0,0.0
comp_19,0.0111111111111111,0.0088888888888888,1.1366666666666667,0.8222222222222222,0.0,2.4077777777777776,0.0,2.588888888888889,1.2455555555555555,5.114444444444445,0.8588888888888889,9.7,1.55,1.2355555555555555,0.0022222222222222,0.0,0.0,2.198888888888889,0.5833333333333334,0.1488888888888888,2.632222222222222,8.29,0.0,0.0,7.43,0.0,0.0188888888888888,0.11,0.0011111111111111,1.762222222222222,0.0,2.6966666666666668,6.986666666666666,0.0077777777777777,0.0,0.54,0.0,0.0,4.341111111111111,0.5566666666666666,0.0,0.0466666666666666,0.0,0.0033333333333333,0.0,0.0,0.0,0.0,0.0,0.0,0.0,0.0,0.9888888888888888,0.0,0.0,0.0,0.0,0.0,0.0,0.0177777777777777,0.23,0.1833333333333333,0.0,0.0011111111111111,0.0011111111111111,0.0733333333333333,0.0,0.0,0.0,0.0,0.0222222222222222,0.0,0.0022222222222222,0.0,0.0033333333333333,0.0088888888888888,0.0,0.1166666666666666,0.0033333333333333,0.0033333333333333,0.0,0.0155555555555555,0.0,0.01,0.0,0.0,0.6322222222222222,0.0022222222222222,0.0,0.0,0.0,0.0,0.3511111111111111,0.0022222222222222,1.8244444444444443,0.0077777777777777,0.0,0.0,0.1888888888888888,0.0,0.0,0.0066666666666666,0.0,0.3722222222222222,0.66,0.0022222222222222,0.02,0.03,0.1766666666666666,0.0633333333333333,0.0011111111111111,0.0,0.0,0.2622222222222222,0.0233333333333333,0.0522222222222222,0.02,0.32,0.0,0.0,0.1611111111111111,0.0022222222222222,0.0,0.0,0.0211111111111111,0.0022222222222222,0.0,0.0,0.0,0.0,0.0044444444444444,0.0,0.53,0.0,0.1277777777777777,0.7466666666666667,1.1955555555555557,0.1888888888888888,0.0,0.0,0.0,0.0,0.2311111111111111,0.0033333333333333,0.0055555555555555,0.0,0.0,0.0,0.0,0.0,0.0,0.0,0.0111111111111111,0.0,0.0,0.25,0.0033333333333333,0.0,0.7166666666666667,0.0,0.1666666666666666,0.0,0.0155555555555555,0.0077777777777777,0.0666666666666666,0.0,0.0355555555555555,0.0,0.0,0.0,0.0,0.1744444444444444,0.0,0.0233333333333333,0.0,0.0,0.0,0.0,0.0,0.0,0.0,0.0,0.0,0.0,0.0,0.0,0.0,0.0,0.0,0.0,0.0,0.0,0.0,0.0,0.0,0.0,0.0
comp_19,0.0,0.0,0.96,1.1877777777777778,0.0,2.795555555555556,0.0,0.3722222222222222,1.3988888888888888,3.4122222222222223,1.791111111111111,8.335555555555555,0.3211111111111111,3.644444444444445,0.0,0.0066666666666666,0.0244444444444444,0.2544444444444444,0.0466666666666666,0.1777777777777777,4.371111111111111,2.281111111111111,0.0,0.0,12.476666666666668,0.0,0.0,0.0,0.0155555555555555,2.908888888888889,0.0,3.815555555555556,6.592222222222222,0.2311111111111111,0.0,0.0422222222222222,0.0,0.0,4.3244444444444445,1.08,0.0,0.1988888888888889,0.0022222222222222,0.0011111111111111,0.0,0.0,0.0,0.0,0.0,0.0,0.0,0.0,0.9766666666666668,0.0,0.0,0.0,0.0,0.0022222222222222,0.0,0.0,0.3188888888888889,0.2166666666666666,0.0011111111111111,0.0244444444444444,0.0,0.4444444444444444,0.0,0.0011111111111111,0.0122222222222222,0.0,0.0011111111111111,0.0011111111111111,0.0,0.0,0.0066666666666666,0.0277777777777777,0.0,0.07,0.1255555555555555,0.0,0.0,0.0,0.0,0.0,0.0,0.0,0.8577777777777778,0.0,0.0,0.0,0.0,0.0022222222222222,0.5555555555555556,0.0,1.36,0.0211111111111111,0.0,0.0,0.1588888888888888,0.0,0.0,0.0055555555555555,0.0,0.0633333333333333,0.1655555555555555,0.0022222222222222,0.0311111111111111,0.06,0.0333333333333333,0.1655555555555555,0.0,0.0,0.0011111111111111,0.0133333333333333,0.0,0.0188888888888888,0.2411111111111111,0.1233333333333333,0.0,0.0144444444444444,0.0111111111111111,0.0,0.0422222222222222,0.0,0.0155555555555555,0.0011111111111111,0.0,0.0,0.0,0.0,0.0055555555555555,0.0,0.0,0.0011111111111111,0.5888888888888889,0.5988888888888889,1.0455555555555556,0.1644444444444444,0.0111111111111111,0.0,0.0022222222222222,0.0133333333333333,0.03,0.0011111111111111,0.2333333333333333,0.0,0.0,0.0,0.0,0.0,0.0,0.0,0.0455555555555555,0.0,0.0,0.0144444444444444,0.0277777777777777,0.0,0.6211111111111111,0.0,0.2377777777777777,0.0,0.0,0.0166666666666666,0.0055555555555555,0.0055555555555555,0.0188888888888888,0.0,0.0,0.0,0.0,0.1611111111111111,0.0,0.1455555555555555,0.0,0.0,0.0,0.0,0.0,0.0,0.0,0.0,0.0,0.0,0.0,0.0,0.0,0.0,0.0,0.0,0.0,0.0,0.0,0.0,0.0,0.0,0.0
comp_19,0.0,0.0,1.0033333333333334,1.3033333333333332,0.2166666666666666,2.93,0.0066666666666666,0.0311111111111111,1.3522222222222222,5.085555555555556,2.3577777777777778,7.375555555555556,0.1766666666666666,3.347777777777778,0.0,0.0,0.4211111111111111,0.4555555555555555,0.0,0.19,3.4133333333333336,2.7222222222222223,0.0744444444444444,0.0,11.776666666666667,0.0011111111111111,0.0,0.2311111111111111,0.4033333333333333,2.4133333333333336,0.0,3.1933333333333334,8.28111111111111,0.0222222222222222,0.0,1.64,0.0,0.0,3.8766666666666665,1.3955555555555557,0.0,0.1266666666666666,0.0,0.0,0.0,0.0,0.0011111111111111,0.0,0.0,0.0,0.0,0.0,0.9422222222222222,0.0,0.0,0.0,0.0,0.0011111111111111,0.0,0.0,0.0766666666666666,0.3077777777777777,0.0022222222222222,0.01,0.0,0.4622222222222222,0.0,0.0022222222222222,0.0088888888888888,0.0,0.0,0.0244444444444444,0.0,0.0,0.0144444444444444,0.0111111111111111,0.0,0.0944444444444444,0.11,0.0,0.0,0.0,0.0,0.0,0.0488888888888888,0.0,0.8544444444444445,0.0011111111111111,0.0133333333333333,0.0,0.0655555555555555,0.0333333333333333,0.3177777777777777,0.0,1.5844444444444443,0.0488888888888888,0.0,0.0,0.3111111111111111,0.0,0.0011111111111111,0.0044444444444444,0.0,0.0044444444444444,0.3511111111111111,0.0188888888888888,0.0111111111111111,0.0777777777777777,0.0066666666666666,0.31,0.0,0.0,0.0133333333333333,0.0177777777777777,0.0,0.0033333333333333,0.0144444444444444,0.1988888888888889,0.0,0.0288888888888888,0.1377777777777777,0.0044444444444444,0.0022222222222222,0.0,0.0822222222222222,0.02,0.0,0.0,0.0,0.0155555555555555,0.0166666666666666,0.0477777777777777,0.0,0.0,0.5855555555555556,0.7133333333333334,1.018888888888889,0.03,0.0388888888888888,0.0133333333333333,0.0,0.0977777777777777,0.0,0.0711111111111111,0.22,0.0111111111111111,0.0,0.0044444444444444,0.0011111111111111,0.0011111111111111,0.0,0.0,0.0466666666666666,0.0,0.0,0.1088888888888888,0.0911111111111111,0.0011111111111111,0.6766666666666666,0.0,0.2111111111111111,0.0,0.0,0.1111111111111111,0.0055555555555555,0.0011111111111111,0.0055555555555555,0.0166666666666666,0.0,0.0,0.0,0.3277777777777778,0.0,0.1411111111111111,0.0,0.0,0.0,0.0,0.0,0.0,0.0,0.0,0.0,0.0,0.0,0.0,0.0,0.0,0.0,0.0,0.0,0.0,0.0,0.0,0.0,0.0,0.0
comp_20,0.0055555555555555,0.0,2.006666666666667,0.4655555555555555,0.0,3.8055555555555554,0.0722222222222222,0.1877777777777777,1.38,9.27,2.1777777777777776,8.652222222222223,1.002222222222222,3.272222222222222,0.0,0.0,3.09,0.0377777777777777,1.247777777777778,0.0,7.158888888888889,1.96,0.3966666666666666,0.0,7.161111111111111,0.0155555555555555,0.0022222222222222,0.0,0.0,0.7144444444444444,0.0,3.417777777777778,8.175555555555556,0.1433333333333333,0.0,3.953333333333333,0.0,0.0288888888888888,2.813333333333333,0.9133333333333332,0.0,0.0,0.0011111111111111,0.0,0.0,0.0,0.0,0.0,0.0,0.0,0.0,0.0,0.9822222222222222,0.0,0.0,0.0,0.0,0.0,0.0011111111111111,0.0,0.0111111111111111,0.0288888888888888,0.0022222222222222,0.0077777777777777,0.0,0.0,0.0,0.0,0.0,0.0,0.0,0.0,0.0,0.0,0.0,0.0,0.0,0.0288888888888888,0.0,0.0,0.0,0.0755555555555555,0.0,0.0,0.5833333333333334,0.0,0.9066666666666666,0.0,0.0,0.0,0.0,0.0,0.0366666666666666,0.0,1.2044444444444444,0.0111111111111111,0.0,0.0,0.6688888888888889,0.0,0.0,0.0066666666666666,0.0,0.02,0.3811111111111111,0.1888888888888888,0.0,0.05,0.0955555555555555,0.07,0.0,0.0,0.0544444444444444,0.0244444444444444,0.1255555555555555,0.0,0.5144444444444445,0.0,0.0,0.0244444444444444,0.0,0.0022222222222222,0.0033333333333333,0.0,0.1766666666666666,0.0611111111111111,0.0,0.0,0.0,0.0,0.0133333333333333,0.3411111111111111,0.0277777777777777,0.0,0.41,0.3288888888888889,1.0055555555555555,0.0877777777777777,0.0,0.1022222222222222,0.0,0.02,0.0,0.0011111111111111,0.0011111111111111,0.08,0.0011111111111111,0.0,0.0,0.0,0.0,0.0,0.0,0.0,0.0011111111111111,0.0244444444444444,0.1822222222222222,0.0,0.9966666666666668,0.0,0.0033333333333333,0.0,0.0,0.0011111111111111,0.0322222222222222,0.0011111111111111,0.0055555555555555,0.0,0.0,0.0,0.0,0.4166666666666667,0.0,0.2277777777777777,0.0,0.0,0.0,0.0,0.0,0.0,0.0,0.0,0.0,0.0,0.0,0.0,0.0,0.0,0.0,0.0,0.0,0.0,0.0,0.0,0.0,0.0,0.0
comp_20,0.0,0.0,1.998888888888889,0.6277777777777778,0.0,3.827777777777778,0.0222222222222222,0.1522222222222222,1.3355555555555556,8.986666666666666,2.1666666666666665,8.785555555555556,0.1377777777777777,3.4077777777777776,0.0,0.0,2.2533333333333334,0.0333333333333333,0.2044444444444444,0.0033333333333333,6.642222222222222,3.2622222222222224,0.35,0.0,6.986666666666666,0.0,0.0022222222222222,0.0,0.0055555555555555,2.1966666666666668,0.0,4.134444444444444,6.22,0.1044444444444444,0.0,4.028888888888889,0.0,0.0222222222222222,2.56,0.9011111111111112,0.0,0.0011111111111111,0.0,0.0011111111111111,0.0,0.0,0.0,0.0,0.0,0.0,0.0,0.0,0.9855555555555556,0.0,0.0511111111111111,0.0,0.0,0.0,0.0,0.0,0.07,0.02,0.0022222222222222,0.0644444444444444,0.0,0.0011111111111111,0.0,0.0,0.0,0.0011111111111111,0.0,0.0177777777777777,0.0066666666666666,0.0,0.0,0.0166666666666666,0.0,0.0233333333333333,0.0,0.0044444444444444,0.0,0.03,0.0,0.0,0.3055555555555556,0.0,0.8666666666666667,0.0022222222222222,0.0,0.0,0.2877777777777778,0.0,0.2055555555555555,0.0,0.9566666666666668,0.0133333333333333,0.0,0.0022222222222222,0.6277777777777778,0.0,0.0,0.0022222222222222,0.0011111111111111,0.0233333333333333,0.2411111111111111,0.2388888888888889,0.0,0.0522222222222222,0.0222222222222222,0.0555555555555555,0.0,0.0,0.0822222222222222,0.0033333333333333,0.0677777777777777,0.0,0.0488888888888888,0.1677777777777777,0.0,0.0011111111111111,0.0022222222222222,0.0,0.0077777777777777,0.0,0.0933333333333333,0.0544444444444444,0.0,0.0,0.0,0.0,0.0122222222222222,0.1122222222222222,0.0044444444444444,0.0,0.6044444444444445,0.4255555555555556,1.0333333333333334,0.0233333333333333,0.0,0.0488888888888888,0.0,0.0,0.0166666666666666,0.0022222222222222,0.3466666666666667,0.0866666666666666,0.0,0.0,0.0,0.0,0.0,0.0,0.0,0.0,0.0011111111111111,0.3911111111111111,0.2066666666666666,0.0,0.9566666666666668,0.0,0.0044444444444444,0.0,0.0,0.0055555555555555,0.1544444444444444,0.0,0.0066666666666666,0.0011111111111111,0.0,0.0,0.0,0.1788888888888888,0.0,0.3433333333333333,0.0,0.0,0.0,0.0,0.0,0.0,0.0,0.0,0.0,0.0,0.0,0.0,0.0,0.0,0.0,0.0,0.0,0.0,0.0,0.0,0.0,0.0,0.0
comp_20,0.1211111111111111,0.0,1.5544444444444443,0.44,0.0,3.875555555555556,0.1111111111111111,0.0577777777777777,1.3333333333333333,10.055555555555555,1.512222222222222,9.101111111111113,0.0133333333333333,3.47,0.0,0.0,3.2288888888888887,0.0888888888888888,0.0,0.0022222222222222,7.444444444444445,5.185555555555555,0.8077777777777778,0.0,6.225555555555555,0.0155555555555555,0.0044444444444444,0.0,0.0,3.9322222222222223,0.0,4.631111111111111,5.601111111111111,0.0,0.0,1.3477777777777775,0.0,0.0033333333333333,3.2488888888888887,0.9733333333333334,0.0,0.0,0.0,0.0,0.0,0.0,0.0,0.0,0.0,0.0,0.0,0.0,0.9822222222222222,0.0,0.0,0.0,0.0,0.0,0.0,0.0,0.0,0.01,0.0,0.0,0.0,0.0033333333333333,0.0,0.0,0.0,0.0,0.0,0.0,0.0,0.0,0.0,0.0,0.0,0.0077777777777777,0.0,0.0,0.0,0.0,0.0,0.0,0.6655555555555556,0.0,0.8433333333333334,0.0,0.0,0.0,0.0,0.0,0.3488888888888889,0.0,0.9988888888888888,0.0144444444444444,0.0,0.0,0.6555555555555556,0.0,0.0,0.0,0.0055555555555555,0.0211111111111111,0.2522222222222222,0.2466666666666666,0.0088888888888888,0.0388888888888888,0.0,0.1322222222222222,0.0,0.0,0.0944444444444444,0.0033333333333333,0.0,0.0,0.4733333333333333,0.81,0.0,0.0511111111111111,0.0,0.0,0.0,0.0,0.0022222222222222,0.0322222222222222,0.0,0.0,0.0,0.0,0.0122222222222222,0.2311111111111111,0.0077777777777777,0.0,0.3344444444444444,0.3477777777777778,1.0911111111111111,0.0044444444444444,0.0,0.06,0.0,0.0,0.0055555555555555,0.0077777777777777,0.0,0.1511111111111111,0.0,0.0,0.0,0.0,0.0,0.0,0.0,0.0,0.0,0.6477777777777778,0.1366666666666666,0.0,1.0,0.0,0.0,0.0,0.0,0.0,0.0988888888888888,0.0,0.0355555555555555,0.0,0.0,0.0,0.0,0.1177777777777777,0.0,0.3988888888888889,0.0,0.0,0.0,0.0,0.0,0.0,0.0,0.0,0.0,0.0,0.0,0.0,0.0,0.0,0.0,0.0,0.0,0.0,0.0,0.0,0.0,0.0,0.0
comp_21,0.0,0.0055555555555555,0.1677777777777777,0.5155555555555555,0.0,4.341111111111111,0.0544444444444444,0.9922222222222222,1.49,10.738888888888887,2.415555555555556,9.175555555555556,0.7755555555555556,1.9777777777777776,0.0,0.0077777777777777,1.9522222222222223,0.0,0.1555555555555555,0.0,5.48,4.8933333333333335,0.12,0.0,7.931111111111111,0.0,0.0,0.0,0.0,2.4522222222222223,0.0,5.147777777777778,6.38,0.0,0.0044444444444444,1.19,0.0,0.0,2.623333333333333,1.3222222222222222,0.0,0.0,0.0,0.0,0.0,0.0,0.0,0.0,0.0,0.0,0.0,0.0,0.9711111111111111,0.0,0.0,0.0,0.0,0.0,0.0,0.0,0.3333333333333333,0.2244444444444444,0.0155555555555555,0.0033333333333333,0.0,0.0644444444444444,0.0,0.0,0.0,0.0111111111111111,0.0,0.0055555555555555,0.0333333333333333,0.0,0.0,0.0,0.0,0.0855555555555555,0.0011111111111111,0.0,0.0,0.0566666666666666,0.0,0.0,0.2777777777777778,0.0,0.8833333333333333,0.0822222222222222,0.0,0.0,0.0433333333333333,0.0,0.45,0.0055555555555555,0.43,0.0266666666666666,0.0,0.0,0.1044444444444444,0.0,0.0,0.0022222222222222,0.0066666666666666,0.1866666666666666,0.1688888888888889,0.0733333333333333,0.0011111111111111,0.0677777777777777,0.0266666666666666,0.1133333333333333,0.0,0.0,0.0433333333333333,0.0,0.0066666666666666,0.0,0.1422222222222222,0.2244444444444444,0.0,0.0,0.0,0.0033333333333333,0.0,0.0,0.0,0.0,0.0,0.0,0.0,0.0,0.02,0.0844444444444444,0.0355555555555555,0.0,0.5422222222222223,0.7588888888888888,1.0433333333333332,0.0777777777777777,0.0,0.0533333333333333,0.0,0.0,0.1488888888888888,0.0,0.1411111111111111,0.0366666666666666,0.0,0.0,0.0,0.0011111111111111,0.0,0.0,0.0022222222222222,0.0,0.0088888888888888,0.0711111111111111,0.0,0.0,1.0,0.0,0.0,0.0,0.0,0.0,0.0166666666666666,0.0,0.0233333333333333,0.0,0.0,0.0,0.0,0.1655555555555555,0.0,0.5166666666666667,0.0,0.0,0.0,0.0,0.0,0.0,0.0,0.0,0.0,0.0,0.0,0.0,0.0,0.0,0.0,0.0,0.0,0.0,0.0,0.0,0.0,0.0,0.0
comp_21,0.0,0.0,0.49,0.1622222222222222,0.0,4.212222222222223,0.15,0.3522222222222222,1.257777777777778,10.54111111111111,0.5822222222222222,8.69111111111111,0.0011111111111111,3.286666666666666,0.0,0.0,4.0,0.0,0.0,0.0,7.605555555555555,4.6466666666666665,0.4566666666666666,0.0,7.528888888888889,0.0,0.0,0.0,0.0,0.6033333333333334,0.0,4.08,5.797777777777778,0.0,0.0011111111111111,0.0,0.0,0.0,2.901111111111111,1.3666666666666667,0.0,0.0,0.0,0.0,0.0,0.0,0.0,0.0,0.0,0.0,0.0,0.0,0.9755555555555556,0.0,0.0055555555555555,0.0,0.0,0.0,0.0,0.0033333333333333,0.0022222222222222,0.28,0.0666666666666666,0.0,0.0,0.0566666666666666,0.0,0.0,0.0,0.0,0.0,0.0,0.0,0.0,0.0,0.0,0.0,0.0855555555555555,0.0,0.0,0.0,0.0077777777777777,0.0,0.0,0.4855555555555556,0.0,0.86,0.0,0.0,0.0,0.0,0.0,0.0055555555555555,0.0,0.81,0.0233333333333333,0.0,0.0,0.2422222222222222,0.0,0.0,0.0066666666666666,0.0166666666666666,0.12,0.3355555555555555,0.1666666666666666,0.0022222222222222,0.0511111111111111,0.0355555555555555,0.12,0.0,0.0,0.0922222222222222,0.0,0.0,0.0,0.5277777777777778,0.1444444444444444,0.0,0.01,0.0,0.0022222222222222,0.0,0.0,0.0,0.0,0.0,0.0,0.0,0.0,0.0122222222222222,0.3244444444444444,0.0333333333333333,0.0,0.5088888888888888,0.5611111111111111,1.0733333333333333,0.0,0.0,0.1877777777777777,0.0,0.0,0.0,0.0,0.0,0.0955555555555555,0.0,0.0,0.0,0.0,0.0,0.0,0.0,0.0,0.0044444444444444,0.0,0.0,0.0,0.9955555555555556,0.0,0.0,0.0,0.0,0.0,0.0122222222222222,0.0,0.0377777777777777,0.0,0.0,0.0,0.0,0.1088888888888888,0.0,0.2588888888888889,0.0,0.0,0.0,0.0,0.0,0.0,0.0,0.0,0.0,0.0,0.0,0.0,0.0,0.0,0.0,0.0,0.0,0.0,0.0,0.0,0.0,0.0,0.0
comp_21,0.0,0.0077777777777777,0.6,0.5133333333333333,0.0,3.864444444444445,0.0888888888888888,0.0433333333333333,1.34,10.084444444444443,1.531111111111111,8.125555555555556,3.021111111111112,2.9411111111111112,0.0,0.0,3.094444444444445,0.0066666666666666,0.0122222222222222,0.0,6.627777777777778,3.8533333333333335,0.3855555555555555,0.0,7.251111111111111,0.0,0.0,0.0,0.0,2.017777777777778,0.0,3.744444444444445,6.543333333333333,0.0022222222222222,0.0122222222222222,0.4755555555555555,0.0,0.0,1.5911111111111111,1.4555555555555555,0.0,0.0,0.0,0.0,0.0,0.0,0.0,0.0,0.0,0.0,0.0,0.0,0.9711111111111111,0.0,0.0,0.0,0.0,0.0,0.0,0.0022222222222222,0.1633333333333333,0.4255555555555556,0.0055555555555555,0.01,0.0,0.0277777777777777,0.0,0.0,0.0033333333333333,0.0,0.0,0.0,0.0033333333333333,0.0,0.0,0.0,0.0,0.1744444444444444,0.0022222222222222,0.0022222222222222,0.0,0.0166666666666666,0.0,0.0,0.4111111111111111,0.0,0.8377777777777777,0.0055555555555555,0.0,0.0,0.0,0.0,0.2688888888888889,0.0,0.6555555555555556,0.0233333333333333,0.0,0.0,0.33,0.0,0.0,0.0033333333333333,0.0122222222222222,0.0566666666666666,0.4744444444444444,0.0855555555555555,0.0,0.0822222222222222,0.1055555555555555,0.2144444444444444,0.0,0.0,0.0722222222222222,0.0066666666666666,0.0,0.0,0.4155555555555555,0.2622222222222222,0.0,0.0022222222222222,0.0,0.0033333333333333,0.0,0.0,0.0055555555555555,0.0,0.0,0.0,0.0,0.0,0.0088888888888888,0.2566666666666666,0.0,0.0,0.56,0.8177777777777778,1.0277777777777777,0.2633333333333333,0.0,0.1444444444444444,0.0,0.0,0.0022222222222222,0.0,0.0,0.05,0.0,0.0,0.0,0.0,0.0,0.0,0.0022222222222222,0.0,0.0011111111111111,0.0444444444444444,0.0011111111111111,0.0,1.0,0.0,0.0,0.0011111111111111,0.0,0.0,0.0411111111111111,0.0,0.0044444444444444,0.0,0.0,0.0,0.0,0.1477777777777777,0.0,0.2622222222222222,0.0,0.0,0.0,0.0,0.0,0.0,0.0,0.0,0.0,0.0,0.0,0.0,0.0,0.0,0.0,0.0,0.0,0.0,0.0,0.0,0.0,0.0,0.0
comp_22,0.0,0.0033333333333333,1.3866666666666667,0.6911111111111111,0.0,3.575555555555556,0.0877777777777777,0.4744444444444444,1.5166666666666666,10.55,1.7177777777777778,7.886666666666667,0.17,3.0322222222222224,0.0,0.0022222222222222,4.055555555555555,0.0,0.0,0.0,5.8133333333333335,3.205555555555556,0.9622222222222222,0.0022222222222222,9.924444444444443,0.05,0.0,0.0,0.0,1.57,0.0,2.647777777777778,8.198888888888888,0.0,0.0244444444444444,2.216666666666667,0.0,0.0122222222222222,3.105555555555556,1.1355555555555557,0.0,0.0,0.0,0.0,0.0,0.0,0.0,0.0,0.0,0.0,0.0,0.0,0.9311111111111112,0.0,0.0,0.0,0.0,0.0933333333333333,0.0,0.0144444444444444,0.0788888888888888,0.4933333333333333,0.0011111111111111,0.0366666666666666,0.0,0.0088888888888888,0.0,0.0,0.0,0.0022222222222222,0.0011111111111111,0.0,0.0044444444444444,0.0033333333333333,0.0,0.0044444444444444,0.0,0.0511111111111111,0.0,0.0055555555555555,0.0,0.0222222222222222,0.0,0.0,0.44,0.0,0.8955555555555555,0.0,0.0,0.0,0.0,0.0,0.0,0.1133333333333333,1.6644444444444444,0.0522222222222222,0.0033333333333333,0.0,0.7233333333333334,0.0,0.0,0.0066666666666666,0.0077777777777777,0.1355555555555555,0.1933333333333333,0.1111111111111111,0.0122222222222222,0.1166666666666666,0.0055555555555555,0.1066666666666666,0.0,0.0,0.2122222222222222,0.0,0.0,0.0,0.3222222222222222,0.1766666666666666,0.0,0.11,0.0022222222222222,0.0011111111111111,0.0011111111111111,0.0,0.0144444444444444,0.0122222222222222,0.0,0.0,0.0,0.0,0.0066666666666666,0.2588888888888889,0.0011111111111111,0.0,0.5166666666666667,0.7777777777777778,0.8233333333333334,0.03,0.0,0.0922222222222222,0.0,0.0,0.0055555555555555,0.0,0.0011111111111111,0.0655555555555555,0.0,0.0,0.0,0.0,0.0,0.0,0.0111111111111111,0.0,0.0322222222222222,0.4211111111111111,0.0444444444444444,0.0,1.0,0.0,0.0,0.0,0.0,0.0011111111111111,0.0066666666666666,0.0,0.0655555555555555,0.0,0.0,0.0,0.0,0.2555555555555555,0.0,0.0011111111111111,0.0,0.0,0.0,0.0,0.0,0.0,0.0,0.0,0.0,0.0,0.0,0.0,0.0,0.0,0.0,0.0,0.0,0.0,0.0,0.0,0.0,0.0,0.0
comp_22,0.0,0.0,1.048888888888889,1.5266666666666666,0.0,3.167777777777778,0.0277777777777777,0.0322222222222222,1.431111111111111,9.913333333333334,2.1166666666666667,6.96,0.1433333333333333,3.286666666666666,0.0,0.0,3.47,0.0,0.0,0.0,7.094444444444444,3.568888888888889,0.3511111111111111,0.0,12.676666666666666,0.0333333333333333,0.0,0.0,0.0,1.58,0.0,2.971111111111111,7.795555555555556,0.0,0.0,1.0244444444444445,0.0,0.0011111111111111,3.132222222222222,1.4944444444444445,0.0,0.0,0.0,0.0,0.0,0.0,0.0,0.0,0.0,0.0,0.0,0.0,0.9588888888888888,0.0,0.0,0.0,0.0,0.0,0.0,0.0,0.0,0.7666666666666667,0.0,0.0066666666666666,0.0,0.0044444444444444,0.0,0.0,0.0,0.0,0.0,0.0011111111111111,0.0,0.0,0.0,0.0,0.0,0.2577777777777778,0.0011111111111111,0.0022222222222222,0.0,0.0566666666666666,0.0,0.0,0.6111111111111112,0.0,0.8533333333333334,0.0,0.0,0.0,0.0311111111111111,0.0,0.0011111111111111,0.0033333333333333,1.5766666666666669,0.0344444444444444,0.0,0.0,0.68,0.0,0.0,0.0055555555555555,0.0,0.0111111111111111,0.3744444444444444,0.1933333333333333,0.0011111111111111,0.0822222222222222,0.01,0.2866666666666667,0.0,0.0,0.0477777777777777,0.0,0.0,0.0,0.4388888888888889,0.3355555555555555,0.0,0.1566666666666666,0.0,0.0,0.0,0.0,0.0077777777777777,0.0366666666666666,0.0,0.0,0.0,0.0,0.0044444444444444,0.1744444444444444,0.0,0.0,0.3866666666666666,0.86,1.0377777777777777,0.0255555555555555,0.0,0.1011111111111111,0.0,0.0,0.0,0.0,0.0177777777777777,0.1166666666666666,0.0,0.0,0.0,0.0,0.0,0.0,0.0122222222222222,0.0,0.0,0.3211111111111111,0.2188888888888888,0.0,1.0,0.0,0.0,0.0,0.0,0.0,0.0,0.0,0.0088888888888888,0.0,0.0,0.0,0.0,0.2355555555555555,0.0,0.0033333333333333,0.0,0.0,0.0,0.0,0.0,0.0,0.0,0.0,0.0,0.0,0.0,0.0,0.0,0.0,0.0,0.0,0.0,0.0,0.0,0.0,0.0,0.0,0.0
comp_22,0.0,0.0,1.0244444444444445,1.242222222222222,0.0,3.293333333333333,0.0055555555555555,0.14,1.4833333333333334,10.046666666666669,1.8222222222222224,7.182222222222222,0.0388888888888888,3.09,0.0,0.0,3.218888888888889,0.0,0.0011111111111111,0.0,7.351111111111111,3.775555555555556,0.2522222222222222,0.0,12.96,0.03,0.0,0.0,0.0,1.6288888888888888,0.0,3.1566666666666667,7.648888888888889,0.0,0.0,0.9655555555555556,0.0,0.0,3.238888888888889,1.3533333333333333,0.0,0.0,0.0,0.0,0.0,0.0,0.0,0.0,0.0,0.0,0.0,0.0,0.9488888888888888,0.0,0.0,0.0,0.0,0.0,0.0,0.0,0.0,0.7444444444444445,0.0,0.0011111111111111,0.0,0.0033333333333333,0.0,0.0,0.0,0.0,0.0,0.0,0.0,0.0,0.0,0.0,0.0,0.2688888888888889,0.0011111111111111,0.0,0.0,0.08,0.0,0.0,0.65,0.0,0.8577777777777778,0.0,0.0,0.0,0.0,0.0,0.0155555555555555,0.0022222222222222,1.531111111111111,0.0433333333333333,0.0,0.0,0.4611111111111111,0.0,0.0,0.0,0.0,0.0311111111111111,0.2911111111111111,0.1711111111111111,0.0022222222222222,0.1033333333333333,0.0033333333333333,0.1211111111111111,0.0,0.0,0.0844444444444444,0.0,0.0,0.0,0.4677777777777778,0.1988888888888889,0.0,0.1977777777777777,0.0,0.0022222222222222,0.0,0.0,0.0,0.0188888888888888,0.0,0.0,0.0,0.0,0.0088888888888888,0.1433333333333333,0.0022222222222222,0.0,0.35,0.8133333333333334,1.0277777777777777,0.0155555555555555,0.0,0.0922222222222222,0.0,0.0,0.0011111111111111,0.0,0.0,0.0788888888888888,0.0,0.0,0.0,0.0,0.0,0.0,0.0133333333333333,0.0,0.0,0.3022222222222222,0.1844444444444444,0.0,1.0,0.0,0.0,0.0,0.0,0.0,0.0077777777777777,0.0,0.3033333333333333,0.0,0.0,0.0,0.0,0.2755555555555555,0.0,0.0066666666666666,0.0,0.0,0.0,0.0,0.0,0.0,0.0,0.0,0.0,0.0,0.0,0.0,0.0,0.0,0.0,0.0,0.0,0.0,0.0,0.0,0.0,0.0,0.0
comp_23,0.0,0.0,1.3411111111111111,0.6833333333333333,0.0,3.716666666666667,0.1211111111111111,0.52,1.3355555555555556,10.262222222222222,0.9144444444444444,8.767777777777777,0.2522222222222222,3.1355555555555554,0.0,0.0,4.112222222222222,0.0022222222222222,0.0122222222222222,0.0,7.688888888888889,4.185555555555555,0.6622222222222223,0.0,7.144444444444445,0.0,0.0,0.0,0.0,4.108888888888889,0.0,4.087777777777778,6.082222222222223,0.0,0.0011111111111111,1.893333333333333,0.0,0.0,2.234444444444444,1.2355555555555555,0.0,0.0,0.0,0.0,0.0,0.0,0.0,0.0,0.0,0.0,0.0,0.0,0.98,0.0,0.0,0.0,0.0,0.0,0.0,0.0,0.0,0.06,0.0,0.0066666666666666,0.0,0.0188888888888888,0.0,0.0,0.0,0.0,0.0,0.0,0.0,0.0,0.0,0.0,0.0,0.0388888888888888,0.0,0.0011111111111111,0.0,0.0222222222222222,0.0,0.0,0.5511111111111111,0.0,0.8922222222222222,0.0,0.0,0.0,0.0,0.0,0.6677777777777778,0.0,0.6977777777777778,0.0155555555555555,0.0,0.0,0.15,0.0,0.0,0.0,0.0244444444444444,0.0388888888888888,0.39,0.0922222222222222,0.0,0.0455555555555555,0.0244444444444444,0.1822222222222222,0.0,0.0,0.0666666666666666,0.0,0.0233333333333333,0.0,0.4855555555555556,0.3688888888888889,0.0,0.01,0.0,0.0,0.0,0.0,0.0,0.0,0.0,0.0,0.0,0.0,0.0077777777777777,0.37,0.0011111111111111,0.0,0.4488888888888889,0.68,1.0444444444444445,0.1733333333333333,0.0,0.2466666666666666,0.0,0.0,0.0011111111111111,0.0,0.0022222222222222,0.0722222222222222,0.0,0.0,0.0,0.0,0.0,0.0,0.0,0.0,0.0022222222222222,0.5622222222222222,0.0844444444444444,0.0,1.0,0.0,0.0,0.0,0.0,0.0,0.0277777777777777,0.0,0.0088888888888888,0.0,0.0,0.0,0.0,0.1322222222222222,0.0,0.3266666666666666,0.0,0.0,0.0,0.0,0.0,0.0,0.0,0.0,0.0,0.0,0.0,0.0,0.0,0.0,0.0,0.0,0.0,0.0,0.0,0.0,0.0,0.0,0.0
comp_23,0.0,0.0,1.2655555555555555,0.6255555555555555,0.0,3.9077777777777776,0.2977777777777777,0.4833333333333333,1.3666666666666667,10.568888888888887,2.147777777777778,8.77,0.0011111111111111,3.1277777777777778,0.0,0.0133333333333333,4.114444444444445,0.0244444444444444,0.0022222222222222,0.0011111111111111,7.097777777777778,4.847777777777778,0.4133333333333333,0.0,7.58,0.0,0.0,0.0,0.0,3.1355555555555554,0.0,4.457777777777777,6.5744444444444445,0.0,0.0322222222222222,0.8911111111111111,0.0044444444444444,0.0,2.57,1.4833333333333334,0.0,0.0,0.0,0.0,0.0,0.0,0.0,0.0,0.0,0.0,0.0,0.0,0.9666666666666668,0.0,0.0044444444444444,0.0,0.0,0.0,0.0,0.0,0.1344444444444444,0.2355555555555555,0.0,0.0011111111111111,0.0,0.0155555555555555,0.0,0.0,0.0,0.0,0.0,0.0,0.0,0.0,0.0,0.0,0.0,0.0777777777777777,0.0011111111111111,0.0,0.0,0.0311111111111111,0.0,0.0,0.3911111111111111,0.0,0.8444444444444444,0.0,0.0,0.0,0.0,0.0,0.51,0.0,0.6944444444444444,0.0277777777777777,0.0,0.0,0.2055555555555555,0.0,0.0,0.0055555555555555,0.0011111111111111,0.1288888888888889,0.2855555555555555,0.1211111111111111,0.0,0.0688888888888888,0.0011111111111111,0.2222222222222222,0.0,0.0,0.0777777777777777,0.0022222222222222,0.0,0.0,0.4733333333333333,0.4855555555555556,0.0,0.0033333333333333,0.0,0.0033333333333333,0.0,0.0,0.0,0.0,0.0,0.0,0.0,0.0,0.0122222222222222,0.3611111111111111,0.0,0.0,0.6077777777777778,0.8077777777777778,1.0577777777777777,0.0011111111111111,0.0,0.24,0.0,0.0,0.0022222222222222,0.0,0.0,0.0977777777777777,0.0,0.0,0.0,0.0,0.0,0.0,0.0033333333333333,0.0,0.0166666666666666,0.2244444444444444,0.0688888888888888,0.0,0.9988888888888888,0.0,0.0,0.0,0.0,0.0,0.0011111111111111,0.0,0.0022222222222222,0.0,0.0,0.0,0.0,0.1488888888888888,0.0,0.3855555555555555,0.0,0.0,0.0,0.0,0.0,0.0,0.0,0.0,0.0,0.0,0.0,0.0,0.0,0.0,0.0,0.0,0.0,0.0,0.0,0.0,0.0,0.0,0.0
comp_23,0.0,0.0,1.3133333333333332,0.4644444444444444,0.0,4.141111111111111,0.3122222222222222,0.6666666666666666,1.3744444444444444,10.437777777777775,0.9977777777777778,8.805555555555555,0.26,3.271111111111112,0.0,0.0,4.451111111111112,0.1055555555555555,0.0,0.0,7.866666666666666,3.82,0.7144444444444444,0.0,7.1466666666666665,0.0,0.0011111111111111,0.0,0.0,2.181111111111111,0.0,4.053333333333334,6.802222222222222,0.0,0.0044444444444444,0.2255555555555555,0.0011111111111111,0.0,2.9611111111111112,1.2122222222222223,0.0,0.0,0.0,0.0,0.0,0.0,0.0,0.0,0.0,0.0,0.0,0.0,0.9666666666666668,0.0,0.0,0.0,0.0,0.0,0.0,0.0,0.0,0.2422222222222222,0.0,0.0022222222222222,0.0,0.01,0.0,0.0,0.0,0.0,0.0,0.0,0.0,0.0,0.0,0.0,0.0,0.1355555555555555,0.0,0.0,0.0,0.01,0.0,0.0,0.56,0.0,0.8911111111111111,0.0,0.0,0.0,0.0,0.0,0.2988888888888888,0.0022222222222222,0.7133333333333334,0.0266666666666666,0.0,0.0,0.16,0.0,0.0,0.0044444444444444,0.0311111111111111,0.0822222222222222,0.26,0.1155555555555555,0.0,0.0644444444444444,0.0011111111111111,0.1622222222222222,0.0,0.0,0.0622222222222222,0.0,0.0,0.0,0.5,0.1311111111111111,0.0,0.0088888888888888,0.0,0.0044444444444444,0.0,0.0,0.0,0.0,0.0,0.0,0.0,0.0,0.0122222222222222,0.3433333333333333,0.0055555555555555,0.0,0.44,0.5677777777777778,1.038888888888889,0.0888888888888888,0.0,0.2144444444444444,0.0,0.1511111111111111,0.0,0.0,0.0033333333333333,0.0888888888888888,0.0,0.0,0.0,0.0,0.0,0.0,0.0,0.0,0.0022222222222222,0.1366666666666666,0.0555555555555555,0.0011111111111111,1.0,0.0,0.0,0.0,0.0022222222222222,0.0,0.04,0.0,0.0022222222222222,0.0,0.0,0.0,0.0,0.1977777777777777,0.0,0.3433333333333333,0.0,0.0,0.0,0.0,0.0,0.0,0.0,0.0,0.0,0.0,0.0,0.0,0.0,0.0,0.0,0.0,0.0,0.0,0.0,0.0,0.0,0.0,0.0
comp_24,0.0,0.0,1.281111111111111,0.4044444444444444,0.0,3.8933333333333335,0.0822222222222222,0.4377777777777777,1.3388888888888888,10.071111111111112,0.9322222222222222,8.435555555555556,0.1222222222222222,3.3344444444444443,0.0,0.0,3.8933333333333335,0.0855555555555555,0.0011111111111111,0.0,7.612222222222222,4.731111111111111,0.5522222222222222,0.0,7.5344444444444445,0.0,0.0,0.0,0.0,2.082222222222222,0.0,4.036666666666667,6.424444444444444,0.0,0.0011111111111111,0.9944444444444444,0.0,0.0,3.128888888888889,1.3555555555555556,0.0,0.0,0.0,0.0,0.0,0.0,0.0,0.0,0.0,0.0,0.0,0.0,0.9777777777777776,0.0,0.0011111111111111,0.0,0.0,0.0,0.0,0.0011111111111111,0.0,0.2577777777777778,0.0,0.0011111111111111,0.0,0.01,0.0,0.0,0.0,0.0,0.0,0.0,0.0,0.0,0.0,0.0,0.0,0.09,0.0,0.0,0.0,0.1322222222222222,0.0,0.0,0.55,0.0,0.8777777777777778,0.0,0.0,0.0,0.0,0.0,0.2477777777777778,0.0,0.7322222222222222,0.0177777777777777,0.0,0.0,0.3966666666666666,0.0,0.0,0.0033333333333333,0.0066666666666666,0.0777777777777777,0.3088888888888889,0.1977777777777777,0.0,0.0566666666666666,0.0077777777777777,0.2044444444444444,0.0,0.0,0.0922222222222222,0.0044444444444444,0.0,0.0,0.5611111111111111,0.1611111111111111,0.0,0.01,0.0,0.0033333333333333,0.0,0.0,0.0,0.0011111111111111,0.0,0.0,0.0,0.0,0.0044444444444444,0.2055555555555555,0.0611111111111111,0.0011111111111111,0.45,0.5422222222222223,1.0522222222222222,0.0733333333333333,0.0,0.1755555555555555,0.0,0.0,0.0222222222222222,0.0,0.0,0.1211111111111111,0.0,0.0,0.0,0.0,0.0,0.0,0.0,0.0,0.0044444444444444,0.6622222222222223,0.0466666666666666,0.0,0.9988888888888888,0.0,0.0011111111111111,0.0,0.0,0.0,0.07,0.0,0.0022222222222222,0.0,0.0,0.0,0.0,0.19,0.0,0.3411111111111111,0.0,0.0,0.0,0.0,0.0,0.0,0.0,0.0,0.0,0.0,0.0,0.0,0.0,0.0,0.0,0.0,0.0,0.0,0.0,0.0,0.0,0.0,0.0
comp_24,0.0,0.0033333333333333,1.1788888888888889,0.9222222222222224,0.0,4.118888888888889,0.3844444444444444,1.4422222222222223,1.531111111111111,11.772222222222222,3.231111111111112,9.62111111111111,0.0011111111111111,2.741111111111111,0.0,0.0,2.6822222222222223,0.3155555555555555,0.0,0.0,6.08,4.944444444444445,0.0666666666666666,0.1122222222222222,6.6177777777777775,0.0,0.0,0.0,0.0,2.071111111111111,0.0,5.294444444444444,6.921111111111111,0.0,0.0066666666666666,2.333333333333333,0.0,0.0,3.1822222222222223,1.0422222222222222,0.0,0.0,0.0,0.0,0.0,0.0,0.0,0.0,0.0,0.0,0.0,0.0,0.9633333333333334,0.0,0.0,0.0,0.0,0.0,0.0,0.0,0.0055555555555555,0.3022222222222222,0.0,0.0211111111111111,0.0,0.0,0.0,0.0,0.0,0.0,0.0,0.0,0.0,0.0,0.0,0.0,0.0,0.0022222222222222,0.0,0.0,0.0,0.3188888888888889,0.0,0.0,0.6022222222222222,0.0,0.9266666666666666,0.0,0.0,0.0,0.0,0.0,0.1033333333333333,0.0,0.6255555555555555,0.0322222222222222,0.0011111111111111,0.0,0.9966666666666668,0.0,0.0,0.0088888888888888,0.0055555555555555,0.0044444444444444,0.0777777777777777,0.1311111111111111,0.0,0.0988888888888888,0.0033333333333333,0.1022222222222222,0.0,0.0,0.0522222222222222,0.0077777777777777,0.0,0.0,0.3344444444444444,0.0677777777777777,0.0,0.0022222222222222,0.0,0.0,0.0,0.0,0.0,0.0,0.0,0.0,0.0,0.0,0.0088888888888888,0.1466666666666666,0.0,0.0,0.3922222222222222,0.9744444444444444,0.8555555555555555,0.0,0.0,0.2355555555555555,0.0,0.0,0.0055555555555555,0.0,0.0,0.03,0.0,0.0,0.0,0.0,0.0,0.0,0.0011111111111111,0.0,0.0244444444444444,0.4888888888888889,0.0022222222222222,0.0,1.0,0.0,0.0,0.0,0.0,0.0,0.0,0.0,0.0,0.0,0.0,0.0,0.0,0.2133333333333333,0.0,0.4655555555555555,0.0,0.0,0.0,0.0,0.0,0.0,0.0,0.0,0.0,0.0,0.0,0.0,0.0,0.0,0.0,0.0,0.0,0.0,0.0,0.0,0.0,0.0,0.0
comp_24,0.0,0.0,1.3455555555555556,0.5055555555555555,0.0,4.311111111111111,0.0455555555555555,0.4611111111111111,1.36,10.023333333333332,1.1966666666666668,8.756666666666666,0.01,3.205555555555556,0.0,0.0,3.854444444444444,0.0733333333333333,0.0011111111111111,0.0,7.616666666666666,4.8277777777777775,0.4722222222222222,0.0,7.732222222222222,0.0,0.0,0.0,0.0,1.1777777777777778,0.0,4.317777777777778,6.344444444444444,0.0,0.0022222222222222,1.248888888888889,0.0,0.0,3.7311111111111113,1.431111111111111,0.0,0.0,0.0,0.0,0.0,0.0,0.0,0.0,0.0,0.0,0.0,0.0,0.9833333333333332,0.0,0.0,0.0,0.0,0.0,0.0,0.0,0.0,0.4433333333333333,0.0,0.0055555555555555,0.0,0.0044444444444444,0.0,0.0,0.0,0.0,0.0,0.0,0.0,0.0,0.0,0.0,0.0,0.2177777777777777,0.0,0.0,0.0,0.1011111111111111,0.0,0.0,0.5633333333333334,0.0,0.9188888888888888,0.0,0.0,0.0,0.0,0.0,0.1211111111111111,0.0,0.5833333333333334,0.0155555555555555,0.0,0.0,0.4222222222222222,0.0,0.0,0.0,0.0055555555555555,0.06,0.2833333333333333,0.1611111111111111,0.0,0.0566666666666666,0.0022222222222222,0.0788888888888888,0.0,0.0,0.0955555555555555,0.0,0.0033333333333333,0.0,0.5466666666666666,0.3977777777777778,0.0,0.0088888888888888,0.0,0.0011111111111111,0.0,0.0,0.0,0.0,0.0,0.0,0.0,0.0,0.0133333333333333,0.2711111111111111,0.0333333333333333,0.0,0.4366666666666666,0.6511111111111111,0.9955555555555556,0.0066666666666666,0.0,0.1444444444444444,0.0,0.0,0.0122222222222222,0.0,0.0,0.0977777777777777,0.0,0.0,0.0,0.0,0.0,0.0,0.0,0.0,0.0,0.53,0.0622222222222222,0.0,1.0,0.0,0.0,0.0,0.0,0.0,0.0344444444444444,0.0,0.0133333333333333,0.0,0.0,0.0,0.0,0.1711111111111111,0.0,0.3166666666666666,0.0,0.0,0.0,0.0,0.0,0.0,0.0,0.0,0.0,0.0,0.0,0.0,0.0,0.0,0.0,0.0,0.0,0.0,0.0,0.0,0.0,0.0,0.0
comp_25,0.0,0.0,1.9755555555555555,0.6377777777777778,0.0,3.3222222222222224,0.07,0.4677777777777778,1.3788888888888888,9.74,1.2955555555555556,8.335555555555555,0.0222222222222222,3.236666666666667,0.0,0.0,3.966666666666667,0.0144444444444444,0.0033333333333333,0.0011111111111111,7.746666666666667,4.294444444444444,0.6488888888888888,0.0,6.7877777777777775,0.0,0.1211111111111111,0.0,0.0,2.063333333333333,0.0,3.882222222222222,7.056666666666667,0.0,0.0,0.5088888888888888,0.0,0.0,2.353333333333333,1.4222222222222225,0.0,0.0,0.0,0.0,0.0,0.0,0.0,0.0,0.0,0.0,0.0,0.0,0.9788888888888888,0.0,0.0088888888888888,0.0,0.0,0.0,0.0,0.0011111111111111,0.0,0.2855555555555555,0.0011111111111111,0.0011111111111111,0.0,0.01,0.0,0.0,0.0,0.0,0.0011111111111111,0.0,0.0,0.0,0.0,0.0,0.0,0.1855555555555555,0.0,0.0,0.0,0.0077777777777777,0.0011111111111111,0.0,0.5944444444444444,0.0011111111111111,0.8622222222222222,0.0,0.0,0.0,0.0,0.0,0.2588888888888889,0.0,0.6322222222222222,0.0188888888888888,0.0,0.0,0.44,0.0,0.0,0.0033333333333333,0.0022222222222222,0.1411111111111111,0.4055555555555555,0.1177777777777777,0.0022222222222222,0.0488888888888888,0.0233333333333333,0.2633333333333333,0.0,0.0,0.0722222222222222,0.0011111111111111,0.0,0.0,0.5511111111111111,0.2166666666666666,0.0,0.0088888888888888,0.0,0.0055555555555555,0.0,0.0,0.0,0.0,0.0,0.0,0.0,0.0,0.0066666666666666,0.24,0.0366666666666666,0.0,0.4055555555555555,0.5888888888888889,1.0366666666666666,0.0111111111111111,0.0,0.1266666666666666,0.0,0.0,0.0011111111111111,0.0,0.0022222222222222,0.0755555555555555,0.0,0.0,0.0,0.0,0.0,0.0,0.0,0.0,0.0,0.3444444444444444,0.0366666666666666,0.0,0.9977777777777778,0.0,0.0,0.0,0.0188888888888888,0.0,0.0488888888888888,0.0,0.0088888888888888,0.0,0.0,0.0,0.0,0.2288888888888889,0.0,0.2855555555555555,0.0,0.0,0.0,0.0,0.0,0.0,0.0,0.0,0.0,0.0,0.0,0.0,0.0,0.0,0.0,0.0,0.0,0.0,0.0,0.0,0.0,0.0,0.0
comp_25,0.0,0.0,1.528888888888889,0.2588888888888889,0.0,3.767777777777778,0.1988888888888889,0.2977777777777777,1.3633333333333333,10.254444444444443,1.1388888888888888,8.20111111111111,0.0077777777777777,3.2844444444444445,0.0,0.0,3.761111111111111,0.2622222222222222,0.0366666666666666,0.0033333333333333,7.232222222222222,4.723333333333334,0.2644444444444444,0.0,7.978888888888889,0.0,0.0755555555555555,0.0,0.0,1.1833333333333331,0.0,3.814444444444444,6.571111111111111,0.0,0.0022222222222222,1.1133333333333333,0.0022222222222222,0.0,2.8455555555555554,1.3955555555555557,0.0,0.0,0.0,0.0,0.0,0.0,0.0,0.0,0.0,0.0,0.0,0.0,0.9755555555555556,0.0,0.0,0.0,0.0,0.0,0.0,0.0,0.0,0.5088888888888888,0.0,0.0066666666666666,0.0,0.0244444444444444,0.0,0.0,0.0,0.0,0.0,0.0,0.0,0.0,0.0,0.0,0.0,0.1944444444444444,0.0022222222222222,0.0,0.0,0.0066666666666666,0.0,0.0,0.4755555555555555,0.0,0.8033333333333333,0.0,0.0,0.0,0.0,0.0,0.1722222222222222,0.0,0.8577777777777778,0.0233333333333333,0.0,0.0,0.44,0.0,0.0,0.0033333333333333,0.0088888888888888,0.15,0.3722222222222222,0.1477777777777777,0.0011111111111111,0.0588888888888888,0.0044444444444444,0.1066666666666666,0.0,0.0,0.1144444444444444,0.01,0.0,0.0,0.4633333333333333,0.2077777777777777,0.0,0.0055555555555555,0.0,0.0022222222222222,0.0,0.0,0.0033333333333333,0.0,0.0,0.0,0.0,0.0,0.0111111111111111,0.3355555555555555,0.0188888888888888,0.0,0.5244444444444445,0.7266666666666667,1.1055555555555556,0.0033333333333333,0.0,0.1222222222222222,0.0,0.0,0.0411111111111111,0.0011111111111111,0.0022222222222222,0.0677777777777777,0.0,0.0,0.0,0.0,0.0,0.0,0.0077777777777777,0.0,0.0022222222222222,0.5966666666666667,0.0,0.0,1.0,0.0,0.0,0.0,0.0,0.0,0.0133333333333333,0.0,0.0144444444444444,0.0,0.0,0.0,0.0,0.13,0.0,0.3022222222222222,0.0,0.0,0.0,0.0,0.0,0.0,0.0,0.0,0.0,0.0,0.0,0.0,0.0,0.0,0.0,0.0,0.0,0.0,0.0,0.0,0.0,0.0,0.0
comp_25,0.0,0.0033333333333333,1.1666666666666667,0.08,0.0,3.2944444444444443,0.0266666666666666,0.4433333333333333,1.37,10.293333333333331,0.8544444444444445,8.63888888888889,0.0644444444444444,3.1244444444444444,0.0011111111111111,0.0,3.4244444444444446,0.4677777777777778,0.02,0.0933333333333333,6.908888888888889,3.4344444444444444,0.5233333333333333,0.0,7.193333333333333,0.0,0.1111111111111111,0.0,0.0,0.8833333333333333,0.0,3.2244444444444444,7.381111111111111,0.0022222222222222,0.0044444444444444,0.6155555555555555,0.0,0.0,3.063333333333333,0.9288888888888888,0.0,0.0,0.0,0.0,0.0,0.0,0.0,0.0,0.0,0.0,0.0,0.0,0.9733333333333334,0.0,0.0,0.0,0.0,0.0,0.0,0.0044444444444444,0.1444444444444444,0.5766666666666667,0.0055555555555555,0.0011111111111111,0.0,0.0044444444444444,0.0,0.0,0.0111111111111111,0.0022222222222222,0.0,0.0,0.0,0.0,0.0,0.0,0.0,0.2511111111111111,0.0,0.0,0.0,0.0033333333333333,0.0,0.0011111111111111,0.5355555555555556,0.0011111111111111,0.8777777777777778,0.0,0.0,0.0022222222222222,0.0,0.0,0.0955555555555555,0.0,0.4933333333333333,0.0222222222222222,0.0,0.0,0.3322222222222222,0.0,0.0,0.0033333333333333,0.0,0.1122222222222222,0.21,0.1355555555555555,0.0,0.0644444444444444,0.0088888888888888,0.16,0.0,0.0,0.0688888888888888,0.0122222222222222,0.0,0.0133333333333333,0.3611111111111111,0.21,0.0,0.0077777777777777,0.0,0.0,0.0,0.0,0.0366666666666666,0.0,0.0,0.0,0.0,0.0,0.0077777777777777,0.1522222222222222,0.05,0.0,0.4455555555555555,0.5277777777777778,1.0522222222222222,0.0244444444444444,0.0111111111111111,0.1122222222222222,0.0,0.1211111111111111,0.01,0.0188888888888888,0.0033333333333333,0.0633333333333333,0.0,0.0,0.0,0.0,0.0,0.0,0.0022222222222222,0.0,0.0077777777777777,0.3488888888888889,0.0,0.0066666666666666,1.0,0.0,0.0,0.0,0.0033333333333333,0.0,0.0244444444444444,0.0,0.0066666666666666,0.0,0.0,0.0,0.0,0.2577777777777778,0.0,0.1666666666666666,0.0,0.0,0.0,0.0,0.0,0.0,0.0,0.0,0.0,0.0,0.0,0.0,0.0,0.0,0.0,0.0,0.0,0.0,0.0,0.0,0.0,0.0,0.0
comp_26,0.0,0.0,1.57,0.2422222222222222,0.0,4.335555555555556,0.2388888888888889,0.0555555555555555,1.43,11.328888888888889,1.6355555555555557,8.233333333333333,0.1377777777777777,3.347777777777778,0.0,0.0,3.885555555555555,0.2755555555555555,0.0055555555555555,0.0,7.658888888888889,3.752222222222222,0.7011111111111111,0.0,7.878888888888889,0.0,0.0122222222222222,0.0,0.0,0.2855555555555555,0.0,2.402222222222222,8.606666666666667,0.0,0.0,0.0,0.0011111111111111,0.0,3.832222222222222,1.1855555555555557,0.0,0.0,0.0,0.0,0.0,0.0,0.0,0.0,0.0,0.0,0.0,0.0,0.94,0.0,0.0,0.0,0.0,0.0477777777777777,0.0,0.01,0.0022222222222222,0.5311111111111111,0.03,0.0044444444444444,0.0,0.0055555555555555,0.0,0.0,0.0,0.0,0.0,0.0,0.0144444444444444,0.0033333333333333,0.0,0.0,0.0,0.0155555555555555,0.0,0.0,0.0,0.0311111111111111,0.0,0.0,0.5133333333333333,0.0,0.8777777777777778,0.0,0.0,0.0,0.0,0.0,0.0011111111111111,0.0,1.728888888888889,0.0455555555555555,0.0,0.0,0.7677777777777778,0.0,0.0,0.0033333333333333,0.0,0.04,0.3977777777777778,0.1022222222222222,0.0,0.1211111111111111,0.0666666666666666,0.0577777777777777,0.0,0.0,0.0622222222222222,0.0,0.0,0.0,0.5077777777777778,0.0511111111111111,0.0,0.0077777777777777,0.0,0.0077777777777777,0.0,0.0,0.0,0.0033333333333333,0.0,0.0,0.0,0.0,0.0244444444444444,0.4155555555555555,0.0122222222222222,0.0,0.4866666666666667,0.7222222222222222,0.9611111111111112,0.0666666666666666,0.0,0.1177777777777777,0.0,0.01,0.0,0.0,0.0033333333333333,0.0655555555555555,0.0,0.0,0.0,0.0,0.0,0.0,0.0,0.0,0.0022222222222222,0.0,0.0,0.0,1.0,0.0,0.0,0.0,0.0,0.0022222222222222,0.0,0.0,0.04,0.0,0.0,0.0,0.0,0.2811111111111111,0.0,0.0611111111111111,0.0,0.0,0.0,0.0,0.0,0.0,0.0,0.0,0.0,0.0,0.0,0.0,0.0,0.0,0.0,0.0,0.0,0.0,0.0,0.0,0.0,0.0,0.0
comp_26,0.0,0.0,1.0744444444444443,0.2966666666666667,0.0,3.787777777777778,0.0133333333333333,0.0877777777777777,1.288888888888889,8.694444444444445,1.2133333333333334,8.471111111111112,0.0955555555555555,3.887777777777778,0.0,0.0,0.9266666666666666,1.3422222222222222,0.0,0.0777777777777777,4.132222222222223,3.585555555555556,0.0066666666666666,0.0,8.008888888888889,0.0,0.0,0.0,0.0188888888888888,1.4555555555555555,0.0,3.4611111111111112,6.453333333333333,0.0011111111111111,0.01,0.6911111111111111,0.0,0.3388888888888889,3.1822222222222223,0.8877777777777778,0.0,0.0,0.0,0.0,0.0,0.0,0.0,0.0,0.0,0.0,0.0,0.0,0.9922222222222222,0.0,0.2066666666666666,0.0,0.0,0.02,0.0,0.0,0.6055555555555555,0.4733333333333333,0.0177777777777777,0.03,0.0011111111111111,0.0133333333333333,0.0022222222222222,0.0,0.0055555555555555,0.0133333333333333,0.0,0.0,0.0055555555555555,0.0,0.0,0.0166666666666666,0.0,0.1944444444444444,0.0,0.0,0.0,0.0422222222222222,0.0,0.0,0.0,0.0,0.8466666666666667,0.0055555555555555,0.0,0.0,0.0422222222222222,0.0044444444444444,0.1788888888888888,0.0,1.271111111111111,0.0066666666666666,0.0,0.0333333333333333,0.3411111111111111,0.0,0.0,0.0055555555555555,0.0,0.0,0.4166666666666667,0.0133333333333333,0.0088888888888888,0.0477777777777777,0.0011111111111111,0.1677777777777777,0.0,0.0,0.1233333333333333,0.0122222222222222,0.0077777777777777,0.0011111111111111,0.0322222222222222,0.2966666666666667,0.0,0.0166666666666666,0.0,0.0033333333333333,0.0,0.0011111111111111,0.1111111111111111,0.0233333333333333,0.0,0.0,0.0,0.0,0.0055555555555555,0.0488888888888888,0.0,0.0,0.83,0.4833333333333333,1.021111111111111,0.0911111111111111,0.0211111111111111,0.0144444444444444,0.0,0.3411111111111111,0.01,0.0088888888888888,0.1077777777777777,0.0,0.0,0.0,0.0,0.0,0.0,0.0,0.0,0.0,0.04,0.1988888888888889,0.1522222222222222,0.0355555555555555,0.8555555555555555,0.0,0.0044444444444444,0.0,0.0,0.0122222222222222,0.0444444444444444,0.0111111111111111,0.0744444444444444,0.0,0.0,0.0,0.0,0.1633333333333333,0.0,0.1844444444444444,0.0,0.0,0.0,0.0,0.0,0.0,0.0,0.0,0.0,0.0,0.0,0.0,0.0,0.0,0.0,0.0,0.0011111111111111,0.0,0.0,0.0,0.0,0.0,0.0
comp_26,0.0011111111111111,0.0,0.9611111111111112,0.1688888888888889,0.0,4.412222222222222,0.2888888888888888,0.0166666666666666,1.41,10.163333333333334,0.5855555555555556,9.264444444444443,0.2222222222222222,3.368888888888889,0.0,0.0,3.7,0.62,0.0122222222222222,0.0077777777777777,7.583333333333333,4.187777777777778,0.6233333333333333,0.0,6.388888888888889,0.0233333333333333,0.0,0.0,0.0,1.3666666666666667,0.0,3.46,7.144444444444445,0.0044444444444444,0.0033333333333333,1.3455555555555556,0.0111111111111111,0.0,3.548888888888889,1.0666666666666669,0.0,0.0,0.0,0.0,0.0,0.0,0.0,0.0,0.0,0.0,0.0,0.0,0.98,0.0,0.0,0.0,0.0,0.02,0.0,0.0,0.0088888888888888,0.5411111111111111,0.0022222222222222,0.0011111111111111,0.0,0.0044444444444444,0.0,0.0,0.0,0.0011111111111111,0.0,0.0,0.0066666666666666,0.0,0.0,0.0,0.0,0.1844444444444444,0.0,0.0033333333333333,0.0,0.1322222222222222,0.0,0.0,0.5322222222222223,0.0,0.9111111111111112,0.0,0.0,0.0,0.0,0.0,0.13,0.0033333333333333,1.5266666666666666,0.02,0.0,0.0,0.4088888888888889,0.0,0.0,0.0111111111111111,0.0033333333333333,0.0022222222222222,0.18,0.1111111111111111,0.0066666666666666,0.05,0.0522222222222222,0.1311111111111111,0.0,0.0,0.0555555555555555,0.0244444444444444,0.0022222222222222,0.0055555555555555,0.4577777777777778,0.3655555555555556,0.0,0.0422222222222222,0.0,0.0055555555555555,0.0044444444444444,0.0,0.0155555555555555,0.0,0.0,0.0,0.0,0.0,0.01,0.3422222222222222,0.0022222222222222,0.0,0.4677777777777778,0.3266666666666666,1.0177777777777777,0.0933333333333333,0.0,0.0833333333333333,0.0,0.0,0.0688888888888888,0.01,0.0,0.0622222222222222,0.0,0.0,0.0,0.0033333333333333,0.0,0.0,0.0,0.0,0.0,0.4477777777777778,0.0,0.0,1.0,0.0,0.0,0.0,0.0,0.0,0.0811111111111111,0.0,0.0333333333333333,0.0,0.0,0.0,0.0,0.3077777777777777,0.0,0.1688888888888889,0.0,0.0,0.0,0.0,0.0,0.0,0.0,0.0,0.0,0.0,0.0,0.0,0.0,0.0,0.0,0.0,0.0,0.0,0.0,0.0,0.0,0.0,0.0
comp_27,0.0,0.0,1.2666666666666666,0.0655555555555555,0.0,4.142222222222222,0.0455555555555555,0.0,1.4088888888888889,10.894444444444444,1.3577777777777778,7.892222222222222,0.2366666666666666,3.398888888888889,0.0,0.0,3.5933333333333333,0.4488888888888889,0.0,0.0,8.143333333333333,5.25,0.69,0.0,7.325555555555556,0.0,0.0,0.0,0.0,0.1455555555555555,0.0011111111111111,3.4322222222222223,7.851111111111111,0.0,0.0022222222222222,0.0,0.0011111111111111,0.0,3.1,1.1488888888888888,0.0,0.0,0.0,0.0,0.0,0.0,0.0,0.0,0.0,0.0,0.0,0.0,0.9755555555555556,0.0,0.0,0.0,0.0,0.0011111111111111,0.0,0.0,0.0,0.7311111111111112,0.0,0.0011111111111111,0.0,0.0055555555555555,0.0,0.0,0.0,0.0,0.0,0.0011111111111111,0.0,0.0,0.0,0.0,0.0,0.2888888888888888,0.0,0.0866666666666666,0.0,0.0011111111111111,0.0,0.0,0.4777777777777778,0.0,0.8466666666666667,0.0,0.0,0.0,0.2122222222222222,0.0,0.0,0.0,0.5466666666666666,0.0211111111111111,0.0,0.0,0.8544444444444445,0.0,0.0,0.0022222222222222,0.0033333333333333,0.0011111111111111,0.2733333333333333,0.1733333333333333,0.0033333333333333,0.0622222222222222,0.0222222222222222,0.1344444444444444,0.0,0.0,0.08,0.0,0.0,0.0,0.3144444444444444,0.27,0.0,0.0133333333333333,0.0,0.0011111111111111,0.01,0.0,0.0,0.0,0.0,0.0,0.0,0.0,0.02,0.3244444444444444,0.0,0.0,0.5211111111111111,0.6155555555555555,0.8822222222222222,0.2977777777777777,0.0,0.0488888888888888,0.0,0.0,0.0,0.0,0.1622222222222222,0.0922222222222222,0.0,0.0,0.0,0.0,0.0,0.0,0.0,0.0,0.0,0.0,0.0,0.0,1.0,0.0,0.0,0.0,0.0,0.0,0.0011111111111111,0.0,0.0077777777777777,0.0,0.0,0.0,0.0,0.2511111111111111,0.0,0.1911111111111111,0.0,0.0,0.0,0.0,0.0,0.0,0.0,0.0,0.0,0.0,0.0,0.0,0.0,0.0,0.0,0.0,0.0,0.0,0.0,0.0,0.0,0.0,0.0
comp_27,0.0,0.0,1.893333333333333,0.1733333333333333,0.0,4.204444444444444,0.0266666666666666,0.1755555555555555,1.4477777777777778,11.52777777777778,0.8377777777777777,9.05,2.2488888888888887,3.3144444444444443,0.0,0.0,3.053333333333333,0.7711111111111111,0.4411111111111111,0.0,7.292222222222223,5.59,0.4933333333333333,0.0,7.764444444444444,0.0,0.0,0.0,0.0,3.165555555555556,0.0,4.32,6.025555555555556,0.0,0.0,1.8722222222222225,0.0,0.0,2.752222222222222,1.26,0.0,0.0,0.0,0.0,0.0,0.0,0.0,0.0,0.0,0.0,0.0,0.0,0.9822222222222222,0.0,0.0,0.0,0.0,0.0,0.0,0.0,0.1166666666666666,0.0933333333333333,0.0011111111111111,0.0,0.0,0.0322222222222222,0.0,0.0,0.0,0.0,0.0,0.0,0.0388888888888888,0.0,0.0,0.0,0.0,0.0355555555555555,0.0,0.0,0.0,0.0188888888888888,0.0,0.0,0.5066666666666667,0.0,0.8444444444444444,0.0,0.0,0.0,0.0,0.0,0.5233333333333333,0.0011111111111111,0.7511111111111111,0.0166666666666666,0.0,0.0,0.9422222222222222,0.0,0.0,0.0,0.0033333333333333,0.0544444444444444,0.26,0.1188888888888888,0.0,0.05,0.2988888888888888,0.18,0.0,0.0,0.0511111111111111,0.0122222222222222,0.0266666666666666,0.0,0.4088888888888889,0.3644444444444444,0.0,0.0111111111111111,0.0,0.0011111111111111,0.0,0.0,0.0,0.0011111111111111,0.0,0.0,0.0,0.0,0.0166666666666666,0.1655555555555555,0.02,0.0,0.4777777777777778,0.7255555555555555,1.0844444444444443,0.6811111111111111,0.0,0.06,0.0,0.0,0.0055555555555555,0.0,0.0,0.0744444444444444,0.0,0.0,0.0,0.0,0.0,0.0,0.0,0.0,0.0055555555555555,0.2422222222222222,0.0,0.0,1.0,0.0,0.0,0.0,0.0,0.0,0.0088888888888888,0.0,0.0133333333333333,0.0,0.0,0.0,0.0,0.1444444444444444,0.0,0.28,0.0,0.0,0.0,0.0,0.0,0.0,0.0,0.0,0.0,0.0,0.0,0.0,0.0,0.0,0.0,0.0,0.0,0.0,0.0,0.0,0.0,0.0,0.0
comp_27,0.0,0.0,1.6666666666666667,0.3255555555555555,0.0,4.061111111111111,0.0,0.0044444444444444,1.4855555555555555,6.187777777777778,1.261111111111111,9.238888888888887,0.0066666666666666,6.282222222222222,0.0,0.0,0.0377777777777777,0.6022222222222222,0.1122222222222222,0.0166666666666666,4.641111111111111,4.747777777777777,0.0,0.0,7.702222222222222,0.0,0.0,0.0,0.0,0.8966666666666666,0.0,3.81,6.154444444444445,0.0,0.0,0.8744444444444445,0.0,0.0,3.942222222222222,1.491111111111111,0.0,0.0,0.0,0.0022222222222222,0.0,0.0,0.0,0.0,0.0,0.0,0.0,0.0,0.9911111111111112,0.0,0.6488888888888888,0.0011111111111111,0.0,0.0,0.0,0.0,0.0044444444444444,0.4611111111111111,0.0188888888888888,0.4388888888888889,0.0,0.02,0.0,0.0,0.0,0.0011111111111111,0.0,0.0,0.0066666666666666,0.0011111111111111,0.0033333333333333,0.0444444444444444,0.0,0.1677777777777777,0.0,0.0,0.0,0.0066666666666666,0.0,0.0,0.0,0.0,0.7511111111111111,0.0,0.0,0.0,0.0,0.0,0.1144444444444444,0.0,0.5388888888888889,0.0088888888888888,0.0,0.0,0.9544444444444444,0.0,0.0,0.0011111111111111,0.0,0.0233333333333333,0.4644444444444444,0.01,0.0,0.0655555555555555,0.0022222222222222,0.1311111111111111,0.0,0.0,0.01,0.0011111111111111,0.0011111111111111,0.0,0.4577777777777778,0.1711111111111111,0.0,0.0022222222222222,0.0044444444444444,0.01,0.0,0.0,0.0066666666666666,0.0022222222222222,0.0,0.0,0.0,0.0,0.0311111111111111,0.0144444444444444,0.0,0.0,0.8655555555555555,0.7188888888888889,1.12,0.0011111111111111,0.0,0.0,0.0,0.0,0.0833333333333333,0.0022222222222222,0.0,0.0,0.0,0.0,0.0,0.0,0.0,0.0,0.0044444444444444,0.0,0.0022222222222222,0.3544444444444444,0.0,0.0,0.4855555555555556,0.0,0.0311111111111111,0.0,0.0,0.0322222222222222,0.0355555555555555,0.0244444444444444,0.0144444444444444,0.0,0.0,0.0,0.0,0.0755555555555555,0.0,0.2144444444444444,0.0,0.0,0.0,0.0,0.0,0.0,0.0,0.0,0.0,0.0,0.0,0.0,0.0,0.0,0.0,0.0,0.0,0.0,0.0,0.0,0.0,0.0,0.0
comp_28,0.0,0.0,2.995555555555556,0.0566666666666666,0.0,3.9966666666666666,0.0911111111111111,1.1655555555555557,1.3066666666666666,9.954444444444444,2.1633333333333336,8.853333333333333,0.1288888888888889,3.3344444444444443,0.0,0.0,4.983333333333333,0.2744444444444444,0.4722222222222222,0.0033333333333333,7.483333333333333,4.477777777777778,1.1677777777777778,0.0,6.804444444444444,0.0011111111111111,0.7855555555555556,0.0,0.0,2.645555555555556,0.0,3.7711111111111113,6.678888888888889,0.0,0.0044444444444444,1.9755555555555555,0.0,0.0,3.5044444444444443,1.272222222222222,0.0,0.0,0.0,0.0,0.0,0.0,0.0,0.0,0.0,0.0,0.0,0.0,0.9755555555555556,0.0,0.0,0.0,0.0,0.0,0.0,0.0011111111111111,0.0,0.5755555555555556,0.0,0.0,0.0,0.0,0.0,0.0,0.0,0.0,0.0,0.0,0.0,0.02,0.0,0.0,0.0,0.0733333333333333,0.0,0.0,0.0,0.0022222222222222,0.0,0.0,0.58,0.0,0.8944444444444445,0.0,0.0,0.0,0.0,0.0,0.3033333333333333,0.0,1.3588888888888888,0.0177777777777777,0.0,0.0,0.2055555555555555,0.0011111111111111,0.0,0.0122222222222222,0.0211111111111111,0.21,0.36,0.1077777777777777,0.0,0.0677777777777777,0.01,0.1211111111111111,0.0,0.0,0.0711111111111111,0.0211111111111111,0.0033333333333333,0.0,0.4311111111111111,0.3766666666666666,0.0,0.0111111111111111,0.0,0.0022222222222222,0.0,0.0,0.05,0.0,0.0,0.0,0.0,0.0,0.0055555555555555,0.1311111111111111,0.0133333333333333,0.0,0.42,0.4888888888888889,1.0244444444444445,0.05,0.0,0.1677777777777777,0.0,0.0,0.1811111111111111,0.0088888888888888,0.0,0.0588888888888888,0.0,0.0,0.0,0.0022222222222222,0.0,0.0,0.0,0.0,0.0033333333333333,0.7377777777777778,0.0,0.0,1.0,0.0,0.0,0.0,0.0,0.0,0.0455555555555555,0.0,0.0,0.0,0.0,0.0,0.0,0.2166666666666666,0.0,0.2522222222222222,0.0,0.0,0.0,0.0,0.0,0.0,0.0,0.0,0.0,0.0,0.0,0.0,0.0,0.0,0.0,0.0,0.0,0.0,0.0,0.0,0.0,0.0,0.0
comp_28,0.0,0.0,2.638888888888889,0.0311111111111111,0.0,3.57,0.0355555555555555,1.5766666666666669,1.413333333333333,10.27777777777778,2.1866666666666665,8.547777777777778,0.0055555555555555,3.188888888888889,0.0,0.0,3.8133333333333335,1.058888888888889,1.89,0.0677777777777777,7.591111111111111,3.18,0.4877777777777777,0.0,7.507777777777778,0.0,1.1555555555555554,0.0,0.0,0.1955555555555555,0.0,2.2666666666666666,8.251111111111111,0.0,0.0,3.551111111111111,0.0,0.0,3.267777777777778,0.8388888888888889,0.0,0.0,0.0,0.0,0.0,0.0,0.0,0.0,0.0,0.0,0.0,0.0,0.98,0.0,0.0,0.0,0.0,0.0,0.0,0.0,0.0,0.5344444444444445,0.0,0.0077777777777777,0.0,0.0,0.0,0.0,0.0,0.0,0.0,0.0,0.0,0.0077777777777777,0.0,0.0,0.0,0.0844444444444444,0.0,0.0,0.0,0.0033333333333333,0.0,0.0,0.6322222222222222,0.0,0.9233333333333332,0.0,0.0,0.0,0.0,0.0,0.0033333333333333,0.0122222222222222,1.458888888888889,0.0133333333333333,0.0,0.0,0.2711111111111111,0.0044444444444444,0.0,0.0033333333333333,0.0011111111111111,0.4022222222222222,0.16,0.1366666666666666,0.0077777777777777,0.0722222222222222,0.0022222222222222,0.1111111111111111,0.0,0.0,0.0666666666666666,0.0444444444444444,0.0611111111111111,0.0033333333333333,0.4722222222222222,0.1211111111111111,0.0,0.0088888888888888,0.0,0.0022222222222222,0.0,0.0,0.0433333333333333,0.0,0.0,0.0,0.0,0.0,0.0077777777777777,0.1955555555555555,0.0711111111111111,0.0,0.3677777777777777,0.3911111111111111,0.9677777777777776,0.0044444444444444,0.0011111111111111,0.16,0.0,0.06,0.3455555555555555,0.0277777777777777,0.0,0.0822222222222222,0.0,0.0,0.0,0.0,0.0,0.0,0.0,0.0,0.0,0.7477777777777778,0.0,0.0,1.0,0.0,0.0,0.0,0.0055555555555555,0.0,0.0044444444444444,0.0,0.0177777777777777,0.0,0.0,0.0,0.0,0.4488888888888889,0.0,0.0488888888888888,0.0,0.0,0.0,0.0,0.0,0.0,0.0,0.0,0.0,0.0,0.0,0.0,0.0,0.0,0.0,0.0,0.0,0.0,0.0,0.0,0.0,0.0,0.0
comp_28,0.0,0.0,2.8833333333333333,0.0466666666666666,0.0,3.984444444444444,0.6466666666666666,1.3233333333333333,1.3455555555555556,10.224444444444444,1.6922222222222223,8.104444444444445,0.0055555555555555,3.188888888888889,0.0,0.0,2.95,1.4233333333333331,3.4411111111111112,0.0,6.8133333333333335,3.3855555555555554,0.0955555555555555,0.0,8.05,0.0,0.6011111111111112,0.0,0.0,0.2355555555555555,0.0,2.848888888888889,7.948888888888889,0.0,0.0033333333333333,4.433333333333334,0.0011111111111111,0.0,3.602222222222222,1.1855555555555557,0.0,0.0,0.0,0.0,0.0,0.0,0.0,0.0,0.0,0.0,0.0,0.0,0.9655555555555556,0.0,0.0,0.0,0.0,0.0,0.01,0.0,0.3144444444444444,0.4577777777777778,0.0,0.0055555555555555,0.0,0.0011111111111111,0.0,0.0,0.0,0.0,0.0,0.0,0.0,0.0011111111111111,0.0,0.0,0.0,0.1,0.0,0.0,0.0,0.0,0.0,0.0,0.2855555555555555,0.0,0.9177777777777778,0.0,0.0,0.0,0.06,0.0,0.0133333333333333,0.0,1.461111111111111,0.0233333333333333,0.0,0.0,0.3077777777777777,0.0,0.0,0.0022222222222222,0.0,0.4677777777777778,0.3544444444444444,0.0555555555555555,0.0033333333333333,0.0766666666666666,0.0022222222222222,0.1344444444444444,0.0,0.0,0.0766666666666666,0.04,0.0688888888888888,0.0,0.46,0.1244444444444444,0.0,0.0022222222222222,0.0,0.0,0.0,0.0,0.0,0.0,0.0,0.0,0.0,0.0,0.0155555555555555,0.5111111111111111,0.0488888888888888,0.0,0.7133333333333334,0.37,0.9855555555555556,0.0,0.0,0.1833333333333333,0.0,0.0,0.5955555555555555,0.0,0.0222222222222222,0.0244444444444444,0.0,0.0,0.0,0.0011111111111111,0.0,0.0,0.0,0.0,0.0222222222222222,0.8133333333333334,0.0,0.0,1.0,0.0,0.0,0.0,0.0,0.0,0.0033333333333333,0.0,0.0177777777777777,0.0,0.0,0.0,0.0,0.3455555555555555,0.0,0.09,0.0,0.0,0.0,0.0,0.0,0.0,0.0,0.0,0.0,0.0,0.0,0.0,0.0,0.0,0.0,0.0,0.0,0.0,0.0,0.0,0.0,0.0,0.0
comp_29,0.0,0.0,3.6155555555555554,0.4866666666666667,0.0,2.491111111111111,0.0,1.663333333333333,1.3733333333333333,5.8533333333333335,3.4877777777777776,9.056666666666668,0.9066666666666666,3.0522222222222224,0.0,0.0066666666666666,0.0044444444444444,0.7411111111111112,0.0466666666666666,0.16,4.273333333333333,6.331111111111111,0.0,0.0,6.213333333333333,0.0011111111111111,1.3588888888888888,0.0444444444444444,0.0033333333333333,3.725555555555556,0.0,5.655555555555556,4.268888888888889,0.01,0.0,1.551111111111111,0.0,0.0,1.681111111111111,1.1722222222222225,0.0,0.2277777777777777,0.0,0.0,0.0,0.0,0.0,0.0,0.0,0.0,0.0,0.0,0.9611111111111112,0.0,0.0,0.0,0.0,0.0011111111111111,0.0,0.0,0.1366666666666666,0.27,0.01,0.0111111111111111,0.0,0.0833333333333333,0.0,0.0,0.0011111111111111,0.0411111111111111,0.0,0.0011111111111111,0.0322222222222222,0.0711111111111111,0.0,0.0044444444444444,0.0,0.0222222222222222,0.0011111111111111,0.0011111111111111,0.0,0.0077777777777777,0.0044444444444444,0.0155555555555555,0.0,0.0011111111111111,0.5066666666666667,0.0077777777777777,0.12,0.0066666666666666,0.0,0.0,0.7,0.0022222222222222,1.5744444444444443,0.0388888888888888,0.0,0.0,0.2555555555555555,0.0222222222222222,0.0,0.0,0.0,0.1011111111111111,0.5411111111111111,0.0,0.0044444444444444,0.0544444444444444,0.0566666666666666,0.1766666666666666,0.0,0.0,0.0,0.0055555555555555,0.0,0.0,0.1755555555555555,0.2777777777777778,0.0,0.0,0.0666666666666666,0.0044444444444444,0.0055555555555555,0.0,0.0422222222222222,0.0,0.0,0.0,0.0011111111111111,0.0,0.0077777777777777,0.0011111111111111,0.0244444444444444,0.0,0.6011111111111112,0.75,1.3433333333333333,0.2411111111111111,0.0166666666666666,0.0,0.0,0.1611111111111111,0.0666666666666666,0.0311111111111111,0.0011111111111111,0.0,0.0,0.0,0.0,0.0,0.0,0.0,0.0011111111111111,0.0,0.0,0.4955555555555556,0.0066666666666666,0.0066666666666666,0.9577777777777776,0.0,0.0366666666666666,0.0,0.0022222222222222,0.0111111111111111,0.0311111111111111,0.0,0.0122222222222222,0.0,0.0,0.0,0.0122222222222222,0.0477777777777777,0.0,0.0266666666666666,0.0,0.0,0.0,0.0,0.0,0.0,0.0,0.0011111111111111,0.0055555555555555,0.0,0.0,0.0011111111111111,0.0,0.0,0.0011111111111111,0.0,0.0,0.0,0.0,0.0,0.0,0.0,0.0
comp_29,0.0,0.0,3.171111111111111,0.3633333333333333,0.0066666666666666,2.555555555555556,0.0033333333333333,1.1711111111111112,1.2866666666666666,6.542222222222223,1.4044444444444444,8.338888888888889,0.16,3.6233333333333335,0.0,0.0,0.9088888888888887,0.4333333333333333,0.0133333333333333,0.0,4.637777777777778,4.087777777777778,0.2066666666666666,0.0,6.771111111111111,0.0,0.8844444444444445,0.04,0.1977777777777777,0.8511111111111112,0.0,3.2066666666666666,7.257777777777778,0.0,0.0,0.0,0.0,0.0,2.867777777777778,1.1655555555555557,0.0,0.0822222222222222,0.0,0.0,0.0,0.0,0.0,0.0,0.0,0.0,0.0,0.0,0.9622222222222222,0.0,0.0,0.0,0.0,0.0055555555555555,0.0,0.0011111111111111,0.3255555555555555,0.55,0.0111111111111111,0.0055555555555555,0.0,0.0377777777777777,0.0,0.0,0.0,0.0,0.0,0.0,0.0288888888888888,0.0177777777777777,0.0011111111111111,0.0166666666666666,0.0,0.2477777777777778,0.0033333333333333,0.0,0.0,0.0022222222222222,0.0,0.0455555555555555,0.1666666666666666,0.0,0.6944444444444444,0.0,0.0,0.0,0.0,0.0522222222222222,0.0688888888888888,0.0,1.3388888888888888,0.0333333333333333,0.0,0.0,0.6511111111111111,0.0122222222222222,0.0,0.0,0.0,0.3277777777777778,0.5622222222222222,0.0388888888888888,0.07,0.0644444444444444,0.1333333333333333,0.3166666666666666,0.0,0.0,0.0311111111111111,0.0,0.0,0.0,0.33,0.1766666666666666,0.0,0.0,0.0711111111111111,0.0044444444444444,0.0,0.0,0.0,0.0,0.0,0.0,0.0011111111111111,0.0,0.0144444444444444,0.0322222222222222,0.0677777777777777,0.0,0.67,0.7833333333333333,1.1666666666666667,0.2811111111111111,0.0,0.0211111111111111,0.0,0.0,0.0,0.0,0.0022222222222222,0.0233333333333333,0.0,0.0,0.0,0.0,0.0,0.0,0.0044444444444444,0.0,0.0,0.0022222222222222,0.0344444444444444,0.0,0.81,0.0,0.1777777777777777,0.0,0.0166666666666666,0.0477777777777777,0.04,0.0111111111111111,0.0988888888888888,0.0177777777777777,0.0,0.0,0.0066666666666666,0.1477777777777777,0.0,0.0411111111111111,0.0,0.0,0.0,0.0,0.0,0.0,0.0,0.0,0.0,0.0,0.0,0.0,0.0,0.0,0.0,0.0,0.0,0.0,0.0,0.0,0.0,0.0,0.0
comp_29,0.0,0.0022222222222222,3.7511111111111113,0.6344444444444445,0.0133333333333333,3.2422222222222223,0.0,2.303333333333333,1.4,4.78,1.63,9.016666666666667,1.9577777777777776,3.488888888888889,0.0,0.0077777777777777,0.0077777777777777,0.8877777777777778,0.4222222222222222,0.0011111111111111,3.811111111111111,4.05,0.0,0.0,6.264444444444444,0.0,0.7744444444444445,0.0555555555555555,0.4388888888888889,1.4844444444444445,0.0,4.082222222222223,6.767777777777778,0.03,0.0,2.77,0.0,0.0,2.306666666666666,1.4755555555555555,0.0,0.1,0.0288888888888888,0.0,0.0,0.0,0.0,0.0,0.0,0.0,0.0,0.0,0.9666666666666668,0.0,0.0,0.0,0.0,0.0044444444444444,0.0,0.0,0.1677777777777777,0.4733333333333333,0.0144444444444444,0.0222222222222222,0.0,0.0755555555555555,0.0011111111111111,0.0,0.0,0.0011111111111111,0.0,0.0,0.0,0.0166666666666666,0.0088888888888888,0.04,0.0122222222222222,0.2355555555555555,0.0122222222222222,0.0288888888888888,0.0,0.0333333333333333,0.0,0.2111111111111111,0.0,0.0055555555555555,0.7466666666666667,0.0477777777777777,0.0,0.0233333333333333,0.0,0.0944444444444444,0.1588888888888888,0.0,1.252222222222222,0.0322222222222222,0.0,0.0,0.4633333333333333,0.0411111111111111,0.0,0.0011111111111111,0.0,0.1588888888888888,0.5333333333333333,0.0,0.0022222222222222,0.0622222222222222,0.2255555555555555,0.2744444444444444,0.0,0.0,0.0,0.0655555555555555,0.0722222222222222,0.0,0.2044444444444444,0.5511111111111111,0.0,0.0055555555555555,0.0966666666666666,0.0033333333333333,0.0111111111111111,0.0,0.0622222222222222,0.0,0.0,0.0,0.0111111111111111,0.0,0.0044444444444444,0.0,0.0355555555555555,0.0,0.6755555555555556,0.6922222222222222,1.1333333333333333,0.2766666666666666,0.0,0.0,0.0,0.0011111111111111,0.0366666666666666,0.0,0.1088888888888888,0.0,0.0,0.0,0.0,0.0011111111111111,0.0,0.0,0.0044444444444444,0.0211111111111111,0.0,0.3588888888888888,0.03,0.0,0.8211111111111111,0.0,0.1211111111111111,0.0,0.0266666666666666,0.1077777777777777,0.0311111111111111,0.0011111111111111,0.0111111111111111,0.0,0.0,0.0,0.0033333333333333,0.1988888888888889,0.0,0.0677777777777777,0.0,0.0,0.0,0.0,0.0,0.0,0.0,0.0,0.0,0.0,0.0,0.0244444444444444,0.0,0.0,0.0,0.0,0.0,0.0,0.0,0.0,0.0,0.0022222222222222,0.0
comp_3,0.0,0.0266666666666666,0.8833333333333333,1.6944444444444444,0.0,3.672222222222222,0.0,0.0922222222222222,1.67,8.004444444444445,0.6777777777777778,8.356666666666667,1.038888888888889,1.9755555555555555,0.0,0.0,0.0811111111111111,0.0,0.0111111111111111,0.0,1.915555555555556,6.63,0.0,0.0,10.582222222222224,0.0033333333333333,0.0,0.4222222222222222,0.0,1.022222222222222,0.0,5.2188888888888885,6.714444444444444,0.0,0.0,1.2266666666666666,0.0,0.0,3.158888888888889,1.961111111111111,0.0,0.0066666666666666,0.0344444444444444,0.0077777777777777,0.0,0.0033333333333333,0.0,0.0333333333333333,0.0,0.0,0.0,0.0,0.9911111111111112,0.0,0.0,0.0,0.0,0.0,0.0,0.0,0.0,0.0,0.0011111111111111,0.0,0.0,0.0,0.0,0.0,0.0,0.0,0.0,0.0,0.0733333333333333,0.0,0.0011111111111111,0.0,0.0,0.0,0.0,0.0,0.0,0.0,0.0,0.0,0.0,0.0,0.8622222222222222,0.0,0.0,0.0,0.0,0.0,0.0,0.0,2.5933333333333333,0.0077777777777777,0.0,0.0,0.1622222222222222,0.0,0.0,0.01,0.0,0.0177777777777777,0.1511111111111111,0.0,0.0,0.0455555555555555,0.0822222222222222,0.19,0.0,0.0,0.0022222222222222,0.0,0.0,0.0,0.02,0.0844444444444444,0.0,0.0255555555555555,0.0944444444444444,0.0011111111111111,0.0,0.0,0.0011111111111111,0.0066666666666666,0.0,0.0,0.0,0.0,0.0077777777777777,0.0,0.0,0.0,0.9777777777777776,0.7677777777777778,0.8733333333333333,0.1722222222222222,0.0,0.0066666666666666,0.0,0.0022222222222222,0.0188888888888888,0.0,0.0177777777777777,0.0,0.0,0.0,0.0,0.0011111111111111,0.0,0.0,0.0122222222222222,0.0,0.0,0.3,0.0455555555555555,0.0,0.6088888888888889,0.0,0.2477777777777778,0.0,0.0,0.0,0.0522222222222222,0.0,0.0122222222222222,0.0,0.0,0.0,0.0,0.1866666666666666,0.0,0.41,0.0,0.0,0.0,0.0,0.0,0.0,0.0,0.0,0.0,0.0,0.0,0.0,0.0,0.0,0.0,0.0,0.0,0.0,0.0,0.0,0.0,0.0,0.0
comp_3,0.0011111111111111,0.0066666666666666,0.9788888888888888,1.3611111111111112,0.0044444444444444,4.27,0.0,0.0977777777777777,1.68,8.77,2.3144444444444443,7.931111111111111,1.5355555555555556,2.902222222222222,0.0,0.0044444444444444,0.1744444444444444,0.0,0.0011111111111111,0.0011111111111111,2.732222222222222,7.766666666666667,0.0,0.0,12.38111111111111,0.0255555555555555,0.0,0.4133333333333333,0.0,2.523333333333333,0.0,4.024444444444445,6.371111111111111,0.0,0.0,0.4522222222222222,0.0,0.0122222222222222,3.375555555555556,1.488888888888889,0.0,0.0022222222222222,0.0,0.0033333333333333,0.0,0.0,0.0,0.0,0.0,0.0,0.0,0.0,0.9955555555555556,0.0,0.0,0.0,0.0,0.0,0.0,0.0,0.0044444444444444,0.0,0.0,0.0,0.0,0.0,0.0,0.0,0.0,0.0,0.0,0.0,0.1277777777777777,0.0,0.0122222222222222,0.0,0.0,0.0,0.0,0.0,0.0,0.0,0.0,0.0,0.0,0.0,0.8611111111111112,0.0011111111111111,0.0,0.0,0.0,0.0,0.0,0.0,2.522222222222222,0.0033333333333333,0.0,0.0,0.3577777777777777,0.0,0.0,0.0222222222222222,0.0,0.0177777777777777,0.4022222222222222,0.0022222222222222,0.0,0.0366666666666666,0.2055555555555555,0.1277777777777777,0.0,0.0066666666666666,0.0044444444444444,0.0,0.0,0.0,0.0133333333333333,0.1777777777777777,0.0,0.0711111111111111,0.0933333333333333,0.0022222222222222,0.0,0.0,0.0044444444444444,0.0488888888888888,0.0,0.0,0.0,0.0,0.0044444444444444,0.0,0.0477777777777777,0.0,0.9955555555555556,0.7755555555555556,0.9433333333333334,0.2088888888888889,0.0,0.02,0.0,0.0011111111111111,0.04,0.0,0.1133333333333333,0.0,0.0,0.0,0.0,0.0022222222222222,0.0,0.0,0.0,0.0,0.0011111111111111,0.1444444444444444,0.1711111111111111,0.0,0.1755555555555555,0.0,0.6077777777777778,0.0,0.0,0.0,0.04,0.0022222222222222,0.0955555555555555,0.0,0.0066666666666666,0.0,0.0,0.17,0.0,0.2255555555555555,0.0,0.0,0.0,0.0,0.0,0.0,0.0,0.0,0.0,0.0,0.0,0.0,0.0,0.0,0.0,0.0,0.0,0.0,0.0,0.0,0.0,0.0,0.0
comp_3,0.0,0.0,0.5611111111111111,1.242222222222222,0.0044444444444444,3.2155555555555555,0.0,0.0233333333333333,1.5833333333333333,9.241111111111111,3.5522222222222224,8.507777777777777,0.7044444444444444,2.68,0.0,0.0,0.2222222222222222,0.0255555555555555,0.0,0.0033333333333333,2.761111111111111,5.373333333333333,0.0,0.0,10.725555555555555,0.0677777777777777,0.0,0.2622222222222222,0.0,1.43,0.0,5.016666666666667,7.843333333333334,0.0011111111111111,0.0,1.79,0.0,0.0,3.6344444444444446,1.751111111111111,0.0,0.0122222222222222,0.0488888888888888,0.0022222222222222,0.0,0.0,0.0,0.03,0.0022222222222222,0.0,0.0,0.0,0.9966666666666668,0.0,0.0,0.0,0.0,0.0011111111111111,0.0,0.0,0.0011111111111111,0.0,0.0022222222222222,0.0,0.0,0.0,0.0011111111111111,0.0,0.0,0.0,0.0,0.0,0.0011111111111111,0.0,0.0033333333333333,0.0,0.0,0.0,0.0,0.0,0.0011111111111111,0.0,0.0,0.0,0.0,0.0,0.8511111111111112,0.0011111111111111,0.0,0.0,0.0,0.0,0.0,0.0,2.678888888888889,0.0,0.0,0.0,0.1333333333333333,0.0,0.0,0.0122222222222222,0.0,0.0133333333333333,0.2766666666666666,0.0,0.0,0.0522222222222222,0.0333333333333333,0.19,0.0,0.0,0.0055555555555555,0.0111111111111111,0.0,0.0022222222222222,0.0155555555555555,0.1522222222222222,0.0,0.0377777777777777,0.1211111111111111,0.0044444444444444,0.0,0.0,0.0388888888888888,0.0055555555555555,0.0,0.0,0.0,0.0,0.0122222222222222,0.0,0.0011111111111111,0.0,0.9811111111111112,0.9677777777777776,0.9566666666666668,0.1666666666666666,0.0066666666666666,0.0066666666666666,0.0,0.0,0.0022222222222222,0.0055555555555555,0.0633333333333333,0.0,0.0011111111111111,0.0,0.0,0.0022222222222222,0.0,0.0,0.0088888888888888,0.0,0.0022222222222222,0.3266666666666666,0.0455555555555555,0.0055555555555555,0.4522222222222222,0.0,0.4533333333333333,0.0,0.0,0.0011111111111111,0.0,0.0,0.0,0.0,0.0,0.0,0.0,0.3266666666666666,0.0,0.14,0.0,0.0,0.0,0.0,0.0,0.0,0.0,0.0,0.0,0.0,0.0,0.0,0.0,0.0,0.0,0.0,0.0,0.0,0.0011111111111111,0.0,0.0,0.0,0.0
comp_30,0.0,0.0,1.0833333333333333,0.6088888888888889,0.0022222222222222,3.741111111111111,0.0,2.6166666666666667,1.2633333333333334,2.36,2.137777777777778,9.824444444444444,0.0111111111111111,3.188888888888889,0.1866666666666666,0.0,0.0022222222222222,0.0,0.0,0.6966666666666667,3.578888888888889,0.0188888888888888,0.0,0.0,8.185555555555556,0.0011111111111111,0.6566666666666666,0.4344444444444444,0.5022222222222222,2.353333333333333,0.0,5.928888888888889,5.175555555555556,0.0211111111111111,0.0,0.0,0.0,0.0,5.371111111111111,1.1266666666666667,0.0,0.1544444444444444,0.0,0.0044444444444444,0.0,0.0,0.0,0.0,0.0,0.0011111111111111,0.0,0.0,0.9177777777777778,0.0,0.0,0.0,0.0,0.0011111111111111,0.0,0.0244444444444444,0.1255555555555555,0.3433333333333333,0.0011111111111111,0.0411111111111111,0.0133333333333333,0.1455555555555555,0.0,0.0,0.0,0.0,0.0177777777777777,0.0077777777777777,0.0,0.0055555555555555,0.0177777777777777,0.0166666666666666,0.0,0.1277777777777777,0.0366666666666666,0.0011111111111111,0.0,0.0,0.0044444444444444,0.0,0.0,0.0022222222222222,0.7911111111111111,0.0011111111111111,0.0,0.0,0.0033333333333333,0.0477777777777777,0.3411111111111111,0.0,1.29,0.08,0.0,0.0,0.4255555555555556,0.0033333333333333,0.0211111111111111,0.0044444444444444,0.0,0.79,0.2777777777777778,0.0122222222222222,0.0211111111111111,0.1144444444444444,0.0022222222222222,0.2588888888888889,0.0,0.0,0.0022222222222222,0.0,0.0,0.1588888888888888,0.1911111111111111,0.0077777777777777,0.0,0.0166666666666666,0.0,0.0022222222222222,0.0222222222222222,0.0,0.0,0.0,0.0,0.0,0.0,0.0,0.0055555555555555,0.0,0.2111111111111111,0.0,0.4255555555555556,0.8244444444444444,1.0622222222222222,0.0,0.0011111111111111,0.0,0.0,0.0,0.0,0.0,0.0811111111111111,0.0,0.0,0.0,0.0566666666666666,0.0011111111111111,0.0,0.0,0.0655555555555555,0.0,0.0,0.0,0.0,0.2744444444444444,0.1933333333333333,0.0,0.5177777777777778,0.0,0.0333333333333333,0.1211111111111111,0.0255555555555555,0.04,0.0444444444444444,0.0333333333333333,0.0,0.0,0.0,0.0333333333333333,0.0,0.6233333333333333,0.0,0.0044444444444444,0.0155555555555555,0.0,0.0111111111111111,0.0,0.0,0.0,0.0011111111111111,0.0211111111111111,0.0588888888888888,0.0011111111111111,0.0022222222222222,0.0111111111111111,0.0,0.0,0.0,0.0,0.0,0.0,0.0,0.0,0.0
comp_30,0.0011111111111111,0.0,1.74,0.3277777777777778,0.01,3.0922222222222224,0.0,0.0244444444444444,1.4044444444444444,5.447777777777778,0.9688888888888888,9.55,3.5166666666666666,3.263333333333333,0.0,0.0,0.0077777777777777,1.8811111111111112,1.4855555555555555,0.1344444444444444,4.158888888888889,6.645555555555555,0.0,0.0,7.155555555555556,0.0,0.0,0.0288888888888888,0.4788888888888888,1.856666666666667,0.0,3.747777777777778,6.428888888888889,0.1711111111111111,0.0,0.0322222222222222,0.0,0.0033333333333333,3.985555555555556,1.1055555555555556,0.0,0.0433333333333333,0.0,0.0011111111111111,0.0,0.0,0.0,0.0166666666666666,0.0,0.0,0.0,0.0,0.9533333333333334,0.0,0.0,0.0,0.0,0.0,0.0,0.0,0.1511111111111111,0.2822222222222222,0.0033333333333333,0.0077777777777777,0.0,0.0322222222222222,0.0,0.0,0.0,0.0,0.0,0.0,0.0111111111111111,0.0,0.0022222222222222,0.0166666666666666,0.0011111111111111,0.0822222222222222,0.0011111111111111,0.0,0.0,0.0211111111111111,0.0,0.0033333333333333,0.0,0.0055555555555555,0.67,0.0155555555555555,0.0,0.0,0.0,0.09,0.1377777777777777,0.0,1.721111111111111,0.0455555555555555,0.0,0.0,0.7088888888888889,0.0,0.0,0.0066666666666666,0.0,0.0055555555555555,0.4611111111111111,0.0211111111111111,0.0111111111111111,0.0711111111111111,0.11,0.3022222222222222,0.0,0.0,0.0,0.0188888888888888,0.0,0.0333333333333333,0.2866666666666667,0.5655555555555556,0.0,0.0144444444444444,0.05,0.0088888888888888,0.1311111111111111,0.0,0.0655555555555555,0.0055555555555555,0.0,0.0,0.0,0.0,0.0144444444444444,0.0033333333333333,0.0155555555555555,0.0,0.4422222222222222,0.7211111111111111,1.2233333333333334,0.7733333333333333,0.0,0.0,0.0,0.0055555555555555,0.0188888888888888,0.0,0.0022222222222222,0.0,0.0,0.0,0.0,0.0011111111111111,0.0,0.0,0.0022222222222222,0.0,0.0,0.0722222222222222,0.0,0.0022222222222222,0.2833333333333333,0.0,0.6433333333333333,0.0,0.0,0.1144444444444444,0.05,0.0311111111111111,0.07,0.0022222222222222,0.0,0.0,0.0,0.0633333333333333,0.0,0.3022222222222222,0.0,0.0,0.0,0.0,0.0,0.0,0.0,0.0,0.0,0.0,0.0,0.0,0.0,0.0,0.0,0.0,0.0,0.0,0.0,0.0,0.0,0.0,0.0
comp_30,0.0,0.0033333333333333,1.1955555555555557,0.0522222222222222,0.0011111111111111,3.9811111111111113,0.0,1.0044444444444445,1.6011111111111112,4.6,1.4422222222222223,11.303333333333333,0.0255555555555555,2.97,0.0,0.0,0.0377777777777777,0.5722222222222222,0.6633333333333333,0.0477777777777777,3.121111111111111,3.14,0.0,0.0,6.52,0.0,1.1455555555555557,0.0022222222222222,0.0511111111111111,1.1188888888888888,0.0,3.497777777777778,6.364444444444445,0.0,0.0,2.1822222222222223,0.0,0.0,3.328888888888889,0.55,0.0,0.0111111111111111,0.0,0.0011111111111111,0.0,0.0,0.0,0.0033333333333333,0.0,0.0,0.0,0.0,0.9888888888888888,0.0,0.0,0.0,0.0,0.0,0.0,0.0088888888888888,0.0444444444444444,0.4733333333333333,0.0022222222222222,0.0077777777777777,0.0,0.0177777777777777,0.0,0.0,0.0,0.0033333333333333,0.0,0.0,0.01,0.0055555555555555,0.0,0.0388888888888888,0.0,0.1911111111111111,0.0011111111111111,0.0,0.0,0.0111111111111111,0.0,0.0,0.0,0.0,0.9033333333333332,0.0,0.0,0.0088888888888888,0.0,0.0088888888888888,0.0488888888888888,0.0177777777777777,1.2677777777777777,0.0055555555555555,0.0,0.0,0.1044444444444444,0.0422222222222222,0.0,0.0088888888888888,0.0,0.2488888888888888,0.1677777777777777,0.0033333333333333,0.0088888888888888,0.0377777777777777,0.0077777777777777,0.28,0.0,0.0,0.0044444444444444,0.0088888888888888,0.0366666666666666,0.0,0.2988888888888888,0.19,0.0,0.0155555555555555,0.01,0.0011111111111111,0.0,0.0,0.0711111111111111,0.0,0.0,0.0,0.0,0.0,0.0055555555555555,0.0,0.13,0.0033333333333333,0.71,0.2411111111111111,1.0266666666666666,0.0144444444444444,0.0,0.0011111111111111,0.0,0.0,0.1944444444444444,0.0122222222222222,0.1144444444444444,0.0,0.0,0.0,0.0,0.0011111111111111,0.0,0.0,0.0011111111111111,0.0,0.0,0.5044444444444445,0.0,0.0,0.5511111111111111,0.0,0.3044444444444444,0.0,0.0033333333333333,0.0288888888888888,0.0655555555555555,0.0077777777777777,0.0244444444444444,0.0,0.0,0.0,0.0,0.2433333333333333,0.0,0.1977777777777777,0.0,0.0133333333333333,0.0,0.0,0.0,0.0,0.0,0.0,0.0055555555555555,0.0,0.0,0.0,0.0,0.0,0.0,0.0,0.0,0.0,0.0,0.0,0.0,0.0,0.0
comp_31,0.0,0.0,2.6044444444444443,0.7422222222222222,0.0011111111111111,3.546666666666667,0.0466666666666666,0.6077777777777778,1.3733333333333333,8.29888888888889,2.67,8.585555555555555,0.4944444444444444,3.451111111111111,0.0,0.0,2.4233333333333333,0.03,0.0433333333333333,0.0,5.691111111111111,4.042222222222223,0.3055555555555556,0.0,7.414444444444444,0.0011111111111111,0.0133333333333333,0.0,0.1288888888888889,1.8822222222222225,0.0,4.225555555555555,6.6866666666666665,0.0,0.0,0.9677777777777776,0.0,0.0,2.4966666666666666,1.61,0.0,0.0066666666666666,0.0033333333333333,0.0,0.0,0.0,0.0,0.0022222222222222,0.0,0.0,0.0,0.0,0.9811111111111112,0.0,0.0,0.0,0.0,0.0,0.0,0.0,0.0622222222222222,0.4233333333333333,0.0144444444444444,0.0033333333333333,0.0,0.0633333333333333,0.0,0.0,0.0,0.0,0.0,0.0,0.0022222222222222,0.0,0.0,0.0111111111111111,0.0,0.0877777777777777,0.0022222222222222,0.0,0.0,0.0044444444444444,0.0,0.0,0.3233333333333333,0.0011111111111111,0.8288888888888889,0.0222222222222222,0.0,0.0,0.0,0.03,0.2411111111111111,0.0,0.6533333333333333,0.0144444444444444,0.0,0.0,0.3666666666666666,0.0,0.0,0.0022222222222222,0.0,0.05,0.4177777777777778,0.0933333333333333,0.0044444444444444,0.0677777777777777,0.1222222222222222,0.1988888888888889,0.0,0.0,0.0822222222222222,0.0033333333333333,0.0177777777777777,0.0,0.4911111111111111,0.1644444444444444,0.0,0.0088888888888888,0.0011111111111111,0.0022222222222222,0.0,0.0,0.0,0.0,0.0,0.0,0.0,0.0,0.0166666666666666,0.2388888888888889,0.01,0.0,0.5311111111111111,0.7888888888888889,1.0433333333333332,0.1255555555555555,0.0,0.0933333333333333,0.0,0.0,0.03,0.0,0.01,0.0588888888888888,0.0,0.0,0.0,0.0,0.0,0.0,0.0144444444444444,0.0,0.0,0.3433333333333333,0.0,0.0,0.9633333333333334,0.0,0.0333333333333333,0.0,0.0144444444444444,0.0266666666666666,0.0211111111111111,0.0,0.0055555555555555,0.0033333333333333,0.0,0.0,0.0,0.16,0.0,0.3877777777777778,0.0,0.0,0.0,0.0,0.0,0.0,0.0,0.0,0.0,0.0,0.0,0.0,0.0,0.0,0.0,0.0,0.0,0.0,0.0,0.0,0.0,0.0,0.0
comp_31,0.0011111111111111,0.0,1.258888888888889,0.6855555555555556,0.0,2.9633333333333334,0.0,2.25,1.3044444444444443,4.198888888888889,1.5877777777777775,9.347777777777775,4.761111111111111,3.387777777777778,0.0,0.0,0.0,0.0433333333333333,0.03,0.0,4.526666666666666,5.752222222222223,0.0,0.0,7.5377777777777775,0.0,0.0,0.0211111111111111,0.0,4.69,0.0,5.842222222222222,4.064444444444445,0.0,0.0,0.6677777777777778,0.0,0.0,1.8233333333333333,1.38,0.0,0.2466666666666666,0.0277777777777777,0.0,0.0,0.0,0.0011111111111111,0.0022222222222222,0.0,0.0,0.0,0.0,0.9844444444444445,0.0155555555555555,0.0,0.0,0.0,0.0,0.0,0.0,0.2911111111111111,0.02,0.0111111111111111,0.04,0.0,0.1077777777777777,0.0,0.0,0.0,0.0266666666666666,0.0,0.0088888888888888,0.0188888888888888,0.0,0.0,0.0055555555555555,0.0,0.0111111111111111,0.0,0.0,0.0,0.0,0.0,0.0,0.0,0.0,0.6077777777777778,0.0422222222222222,0.0,0.0011111111111111,0.0,0.0,0.7544444444444445,0.0,0.8377777777777777,0.0144444444444444,0.0,0.0,0.06,0.0011111111111111,0.0,0.0033333333333333,0.0,0.3733333333333333,0.5277777777777778,0.0,0.0155555555555555,0.0366666666666666,0.2977777777777777,0.2122222222222222,0.0,0.0,0.0,0.0033333333333333,0.0,0.0,0.18,0.6922222222222222,0.0,0.0044444444444444,0.04,0.0,0.0,0.0,0.0,0.0,0.0,0.0,0.0,0.0,0.0044444444444444,0.0011111111111111,0.17,0.0,0.4055555555555555,0.8011111111111111,1.278888888888889,0.5888888888888889,0.0,0.0,0.0,0.01,0.0355555555555555,0.0011111111111111,0.0655555555555555,0.0,0.0,0.0,0.0,0.0,0.0,0.0,0.0011111111111111,0.0,0.0,0.4111111111111111,0.0,0.0,0.9444444444444444,0.0,0.0466666666666666,0.0,0.0,0.0088888888888888,0.0411111111111111,0.0,0.0277777777777777,0.0022222222222222,0.0,0.0,0.0022222222222222,0.0066666666666666,0.0,0.5733333333333334,0.0,0.0,0.0,0.0,0.0,0.0,0.0,0.0,0.0,0.0,0.0,0.0,0.0,0.0,0.0,0.0,0.0,0.0,0.0,0.0,0.0,0.0,0.0
comp_31,0.0,0.0,2.101111111111111,1.1122222222222222,0.0011111111111111,3.2133333333333334,0.0022222222222222,0.6788888888888889,1.3044444444444443,5.1433333333333335,2.1466666666666665,8.774444444444445,3.35,3.178888888888889,0.0,0.0,0.0033333333333333,0.0522222222222222,0.0111111111111111,0.0022222222222222,3.716666666666667,4.627777777777778,0.0,0.0,6.995555555555556,0.0,0.0233333333333333,0.0177777777777777,0.0477777777777777,2.341111111111111,0.0,4.694444444444445,5.467777777777778,0.0033333333333333,0.0,0.8611111111111112,0.0,0.0,1.948888888888889,1.1544444444444444,0.0,0.1855555555555555,0.0155555555555555,0.0011111111111111,0.0,0.0,0.0,0.0,0.0,0.0,0.0,0.0,0.9811111111111112,0.0,0.0,0.0,0.0,0.0,0.0,0.0,0.28,0.2166666666666666,0.0122222222222222,0.0355555555555555,0.0,0.1477777777777777,0.0,0.0,0.0011111111111111,0.0,0.0,0.0,0.0011111111111111,0.0,0.0022222222222222,0.0177777777777777,0.0,0.1177777777777777,0.0144444444444444,0.0,0.0,0.0211111111111111,0.0,0.0,0.0,0.0022222222222222,0.7455555555555555,0.0177777777777777,0.0077777777777777,0.0,0.0,0.0122222222222222,0.2822222222222222,0.0,0.7177777777777777,0.0177777777777777,0.0,0.0,0.1966666666666666,0.0,0.0,0.0011111111111111,0.0,0.1133333333333333,0.3411111111111111,0.0,0.0066666666666666,0.0422222222222222,0.3122222222222222,0.3744444444444444,0.0,0.0,0.0,0.0022222222222222,0.01,0.0,0.2822222222222222,0.22,0.0,0.0177777777777777,0.0211111111111111,0.0011111111111111,0.0,0.0,0.0388888888888888,0.0,0.0,0.0,0.0,0.0,0.01,0.0022222222222222,0.0111111111111111,0.0,0.7055555555555556,0.7833333333333333,1.0811111111111111,0.4744444444444444,0.0,0.0,0.0,0.0055555555555555,0.0,0.0033333333333333,0.0011111111111111,0.0,0.0,0.0,0.0,0.0,0.0,0.0,0.0277777777777777,0.0,0.0,0.2322222222222222,0.0022222222222222,0.0,0.8911111111111111,0.0,0.0944444444444444,0.0,0.0044444444444444,0.0388888888888888,0.0577777777777777,0.0011111111111111,0.0266666666666666,0.0244444444444444,0.0,0.0,0.0,0.09,0.0,0.4066666666666667,0.0,0.0,0.0,0.0,0.0,0.0,0.0,0.0,0.0,0.0,0.0,0.0,0.0,0.0,0.0,0.0,0.0,0.0,0.0,0.0,0.0,0.0,0.0
comp_32,0.0,0.0,1.1944444444444444,0.3111111111111111,0.0,4.316666666666666,0.0555555555555555,1.0722222222222222,1.4477777777777778,10.063333333333333,1.52,9.252222222222224,0.2955555555555555,3.168888888888889,0.0,0.0,3.393333333333333,0.2211111111111111,0.0,0.0,7.851111111111111,5.09,0.3255555555555555,0.0,7.812222222222222,0.0,0.0,0.0,0.0,1.867777777777777,0.0,4.775555555555556,5.771111111111111,0.0,0.0011111111111111,0.8555555555555555,0.0,0.0,3.2977777777777777,1.1011111111111112,0.0,0.0,0.0,0.0,0.0,0.0,0.0,0.0,0.0,0.0,0.0,0.0,0.9633333333333334,0.0,0.0,0.0,0.0,0.0088888888888888,0.0,0.0111111111111111,0.0011111111111111,0.2933333333333333,0.0166666666666666,0.0033333333333333,0.0011111111111111,0.0011111111111111,0.0,0.0,0.0,0.0,0.0,0.0,0.0,0.0,0.0,0.0,0.0,0.1155555555555555,0.0,0.0,0.0,0.02,0.0,0.0044444444444444,0.6088888888888889,0.0,0.8455555555555555,0.0011111111111111,0.0,0.0,0.0,0.0,0.2688888888888889,0.0022222222222222,1.3533333333333333,0.0311111111111111,0.0,0.0,0.4822222222222222,0.0,0.0,0.0,0.0,0.1622222222222222,0.2677777777777778,0.15,0.0,0.0766666666666666,0.0233333333333333,0.2311111111111111,0.0,0.0,0.0766666666666666,0.0,0.0,0.0,0.4744444444444444,0.4444444444444444,0.0,0.0066666666666666,0.0,0.0033333333333333,0.0,0.0,0.0,0.01,0.0,0.0,0.0,0.0,0.02,0.1833333333333333,0.0444444444444444,0.0,0.3911111111111111,0.6377777777777778,1.0844444444444443,0.1233333333333333,0.0,0.0988888888888888,0.0,0.0,0.0155555555555555,0.0,0.0055555555555555,0.0844444444444444,0.0,0.0,0.0,0.0,0.0,0.0,0.0,0.0,0.0011111111111111,0.1866666666666666,0.0188888888888888,0.0,1.0,0.0,0.0,0.0,0.0,0.0,0.0422222222222222,0.0,0.0033333333333333,0.0,0.0,0.0,0.0,0.1244444444444444,0.0,0.3022222222222222,0.0,0.0,0.0,0.0,0.0,0.0,0.0,0.0,0.0,0.0,0.0,0.0,0.0,0.0,0.0,0.0,0.0,0.0,0.0,0.0,0.0,0.0,0.0
comp_32,0.0,0.0,1.028888888888889,0.81,0.0,3.171111111111111,0.0011111111111111,1.0922222222222222,1.3611111111111112,5.2,2.785555555555556,9.078888888888889,0.4133333333333333,4.282222222222222,0.0,0.0,0.0655555555555555,0.3855555555555555,0.5055555555555555,0.0,4.26,3.92,0.0,0.0,6.553333333333334,0.0,0.0,0.0,0.0,0.0166666666666666,0.0,4.365555555555556,6.658888888888889,0.0,0.0,2.6533333333333333,0.0,0.0,1.7955555555555556,1.3977777777777778,0.0,0.0,0.0011111111111111,0.02,0.0,0.0,0.0,0.0,0.0,0.0,0.0,0.0,0.9922222222222222,0.0022222222222222,0.3277777777777778,0.0,0.0,0.0,0.0,0.0,0.0611111111111111,0.8422222222222222,0.0155555555555555,0.2255555555555555,0.0,0.0133333333333333,0.0,0.0,0.0,0.0,0.0011111111111111,0.0477777777777777,0.0,0.0,0.0077777777777777,0.0622222222222222,0.0,0.3388888888888889,0.0022222222222222,0.0,0.0,0.0088888888888888,0.0,0.0,0.0011111111111111,0.0,0.8044444444444444,0.0066666666666666,0.0,0.0,0.0277777777777777,0.0,0.0,0.0,1.1144444444444443,0.0077777777777777,0.0,0.0,0.0922222222222222,0.0,0.0,0.0022222222222222,0.0,0.0055555555555555,0.1088888888888888,0.0011111111111111,0.0,0.0388888888888888,0.2088888888888889,0.0822222222222222,0.0,0.0,0.0033333333333333,0.0077777777777777,0.0988888888888888,0.0,0.0822222222222222,0.86,0.0,0.0,0.0122222222222222,0.0033333333333333,0.0,0.0,0.0,0.0,0.0,0.0,0.0,0.0,0.0166666666666666,0.0055555555555555,0.0,0.0,0.6655555555555556,0.8566666666666667,0.5522222222222222,0.1188888888888888,0.0,0.0055555555555555,0.0,0.0,0.5711111111111111,0.0,0.1011111111111111,0.0,0.0,0.0,0.0,0.0,0.0,0.0,0.0477777777777777,0.0,0.0,0.0577777777777777,0.0,0.0,0.8488888888888889,0.0,0.01,0.0,0.0,0.0188888888888888,0.0,0.0,0.0077777777777777,0.0,0.0,0.0,0.0,0.1288888888888889,0.0,0.3122222222222222,0.0,0.0,0.0,0.0,0.0,0.0,0.0,0.0,0.0,0.0,0.0,0.0,0.0,0.0,0.0,0.0,0.0,0.0,0.0,0.0011111111111111,0.0,0.0,0.0
comp_32,0.0,0.0,0.7033333333333334,0.5188888888888888,0.0,4.134444444444444,0.0022222222222222,2.316666666666667,1.4455555555555557,9.721111111111112,1.3266666666666669,9.416666666666666,0.0688888888888888,2.4144444444444444,0.0,0.0033333333333333,2.263333333333333,0.1877777777777777,0.0933333333333333,0.0011111111111111,5.985555555555556,5.626666666666667,0.1244444444444444,0.0,7.767777777777778,0.0,0.0,0.0011111111111111,0.0,2.637777777777778,0.0,4.48,6.181111111111111,0.0,0.02,1.781111111111111,0.0,0.0,2.565555555555556,1.3077777777777777,0.0,0.0022222222222222,0.0,0.0,0.0,0.0,0.0,0.0,0.0,0.0,0.0,0.0,0.98,0.0,0.0,0.0,0.0,0.0,0.0,0.0044444444444444,0.2533333333333333,0.2933333333333333,0.0111111111111111,0.0344444444444444,0.0,0.01,0.0,0.0,0.0,0.0311111111111111,0.0,0.02,0.0444444444444444,0.0,0.0011111111111111,0.0022222222222222,0.0,0.1277777777777777,0.0,0.0,0.0,0.0188888888888888,0.0,0.0,0.3388888888888889,0.0,0.8566666666666667,0.0,0.0,0.0011111111111111,0.0166666666666666,0.0,0.3977777777777778,0.0,1.18,0.0188888888888888,0.0,0.0,0.14,0.0,0.0,0.0011111111111111,0.0,0.4277777777777777,0.26,0.1044444444444444,0.0,0.0755555555555555,0.0055555555555555,0.0788888888888888,0.0,0.0,0.0533333333333333,0.0011111111111111,0.0,0.0,0.1244444444444444,0.2122222222222222,0.0,0.0077777777777777,0.0033333333333333,0.0011111111111111,0.0,0.0,0.0,0.0,0.0,0.0,0.0022222222222222,0.0,0.0244444444444444,0.0822222222222222,0.0844444444444444,0.0,0.5311111111111111,0.6544444444444445,1.038888888888889,0.0188888888888888,0.0,0.0333333333333333,0.0,0.0,0.1077777777777777,0.0,0.2411111111111111,0.0466666666666666,0.0,0.0,0.0,0.0,0.0,0.0,0.0033333333333333,0.0,0.0166666666666666,0.2322222222222222,0.0122222222222222,0.0011111111111111,0.9977777777777778,0.0,0.0022222222222222,0.0,0.0,0.0,0.03,0.0,0.0066666666666666,0.0,0.0,0.0,0.0,0.1411111111111111,0.0,0.2855555555555555,0.0,0.0,0.0,0.0,0.0,0.0,0.0,0.0,0.0,0.0,0.0,0.0,0.0,0.0,0.0,0.0,0.0,0.0,0.0,0.0,0.0,0.0,0.0
comp_33,0.0,0.0,1.4222222222222225,0.8066666666666666,0.0011111111111111,3.0444444444444443,0.0,0.3788888888888889,1.1966666666666668,7.142222222222222,1.0822222222222222,8.685555555555556,4.296666666666667,2.4944444444444445,0.0,0.0,0.0722222222222222,0.0222222222222222,0.0155555555555555,0.0177777777777777,1.94,5.5488888888888885,0.0,0.0,7.385555555555555,0.0,0.0,0.02,0.0022222222222222,3.678888888888889,0.0,3.7577777777777777,5.496666666666667,0.0,0.0,0.6955555555555556,0.0,0.0,2.7622222222222224,1.0844444444444443,0.0,0.0511111111111111,0.0011111111111111,0.0,0.0,0.0,0.0,0.0,0.0,0.0,0.0,0.0,0.9888888888888888,0.0011111111111111,0.0,0.0,0.0,0.0,0.0,0.0,0.1311111111111111,0.1188888888888888,0.0033333333333333,0.0055555555555555,0.0011111111111111,0.0033333333333333,0.0,0.0,0.0,0.0233333333333333,0.0,0.0,0.0355555555555555,0.0,0.0088888888888888,0.0533333333333333,0.0,0.0466666666666666,0.0,0.0,0.0,0.0066666666666666,0.0,0.0,0.0,0.0,0.8211111111111111,0.0577777777777777,0.0,0.0,0.0,0.0011111111111111,0.5744444444444444,0.0,1.2266666666666666,0.0111111111111111,0.0,0.0,0.5822222222222222,0.0,0.0,0.0055555555555555,0.0,0.0633333333333333,0.5133333333333333,0.0,0.0,0.0322222222222222,0.3455555555555555,0.1033333333333333,0.0,0.0,0.0277777777777777,0.0011111111111111,0.0,0.0,0.0966666666666666,0.24,0.0,0.0111111111111111,0.03,0.0011111111111111,0.0,0.0,0.0155555555555555,0.0,0.0,0.0,0.0,0.0,0.0055555555555555,0.0,0.0066666666666666,0.0,0.7333333333333333,0.6077777777777778,1.106666666666667,0.3911111111111111,0.0,0.0044444444444444,0.0,0.0,0.0266666666666666,0.0055555555555555,0.0066666666666666,0.0,0.0,0.0,0.0,0.0011111111111111,0.0,0.0,0.0066666666666666,0.0,0.0011111111111111,0.4588888888888889,0.0733333333333333,0.0,0.7888888888888889,0.0,0.1611111111111111,0.0,0.0,0.0188888888888888,0.04,0.0011111111111111,0.0033333333333333,0.0022222222222222,0.0,0.0,0.0,0.0422222222222222,0.0,0.3266666666666666,0.0,0.0,0.0,0.0,0.0,0.0,0.0,0.0,0.0,0.0,0.0,0.0,0.0,0.0,0.0,0.0,0.0,0.0,0.0,0.0,0.0,0.0,0.0
comp_33,0.0,0.0,1.2266666666666666,0.8477777777777777,0.0088888888888888,3.628888888888889,0.0,0.6411111111111111,1.3888888888888888,5.198888888888889,4.0088888888888885,9.342222222222222,0.3477777777777778,3.355555555555556,0.0,0.0,0.0811111111111111,0.3511111111111111,0.0,0.0,4.434444444444445,5.145555555555555,0.0,0.0,7.606666666666666,0.0,0.0,0.0166666666666666,0.1444444444444444,2.9522222222222223,0.0,4.167777777777777,6.22,0.0,0.0,2.2822222222222224,0.0,0.0,4.015555555555555,0.7977777777777778,0.0,0.1488888888888888,0.0033333333333333,0.0022222222222222,0.0,0.0,0.0,0.0033333333333333,0.0,0.0,0.0,0.0,0.9722222222222222,0.0,0.0,0.0,0.0,0.0,0.0,0.0,0.1722222222222222,0.3477777777777778,0.0477777777777777,0.1077777777777777,0.0,0.0,0.0,0.0,0.0,0.0011111111111111,0.0,0.0622222222222222,0.0022222222222222,0.0,0.0133333333333333,0.0155555555555555,0.0,0.0011111111111111,0.0,0.0,0.0,0.2211111111111111,0.0,0.0,0.0,0.0,0.8433333333333334,0.0077777777777777,0.0,0.0,0.0044444444444444,0.0211111111111111,0.2522222222222222,0.0,1.237777777777778,0.0277777777777777,0.0,0.0,0.1455555555555555,0.0077777777777777,0.0,0.0077777777777777,0.0,0.0533333333333333,0.2922222222222222,0.0,0.0,0.1022222222222222,0.0277777777777777,0.2366666666666666,0.0,0.0,0.01,0.0266666666666666,0.0,0.0,0.0266666666666666,0.16,0.0,0.0,0.0088888888888888,0.0022222222222222,0.0,0.0,0.0,0.0,0.0,0.0,0.0,0.0,0.0144444444444444,0.0022222222222222,0.0655555555555555,0.0011111111111111,0.59,0.9255555555555556,1.0144444444444445,0.0222222222222222,0.0,0.0011111111111111,0.0,0.0,0.0555555555555555,0.0,0.2366666666666666,0.0,0.0,0.0,0.0,0.0033333333333333,0.0,0.0,0.0,0.0,0.0,0.5977777777777777,0.0055555555555555,0.0,0.6177777777777778,0.0,0.2744444444444444,0.0,0.0,0.0455555555555555,0.0,0.0,0.0,0.0,0.0,0.0,0.0,0.0844444444444444,0.0,0.3855555555555555,0.0,0.0,0.0,0.0,0.0,0.0,0.0,0.0,0.0,0.0,0.0,0.0,0.0,0.0,0.0,0.0,0.0,0.0,0.0,0.0,0.0,0.0,0.0
comp_33,0.0,0.0,1.1144444444444443,0.8122222222222222,0.0,2.9133333333333336,0.0,0.1788888888888888,1.2833333333333334,5.127777777777778,1.5555555555555556,9.11111111111111,0.6277777777777778,0.4644444444444444,0.0,0.0,0.0,0.3422222222222222,0.0088888888888888,0.0,1.3544444444444443,7.108888888888889,0.0,0.0,6.775555555555556,0.0,0.0,0.02,0.0266666666666666,4.2,0.0,3.4066666666666667,5.676666666666667,0.0,0.0,1.5433333333333332,0.0,0.0,1.856666666666667,0.7133333333333334,0.0,0.1188888888888888,0.0,0.0011111111111111,0.0,0.0,0.0,0.0,0.0,0.0,0.0,0.0,0.9922222222222222,0.0,0.0,0.0,0.0,0.0011111111111111,0.0,0.0,0.0611111111111111,0.0577777777777777,0.0,0.0033333333333333,0.0,0.0044444444444444,0.0,0.0,0.0,0.0,0.0033333333333333,0.0,0.0,0.0,0.0022222222222222,0.0022222222222222,0.0,0.0066666666666666,0.0,0.0,0.0,0.0077777777777777,0.0,0.0,0.0,0.0,0.7344444444444445,0.0,0.0,0.0,0.0,0.0033333333333333,0.8055555555555556,0.0033333333333333,1.507777777777778,0.0077777777777777,0.0,0.0,0.22,0.0,0.0,0.0055555555555555,0.0,0.0088888888888888,0.4644444444444444,0.0,0.0,0.04,0.0466666666666666,0.1444444444444444,0.0,0.0,0.0,0.0022222222222222,0.0,0.0022222222222222,0.0222222222222222,0.1566666666666666,0.0,0.0022222222222222,0.0788888888888888,0.0022222222222222,0.0,0.0,0.0511111111111111,0.0,0.0,0.0,0.0,0.0,0.0177777777777777,0.0,0.0011111111111111,0.0,0.2055555555555555,0.5633333333333334,1.1522222222222225,0.1788888888888888,0.0,0.0,0.0,0.0066666666666666,0.0,0.0,0.0088888888888888,0.0,0.0,0.0,0.0,0.0011111111111111,0.0,0.0,0.0,0.0,0.0,0.0544444444444444,0.0222222222222222,0.0,0.7688888888888888,0.0,0.1277777777777777,0.0,0.0,0.0055555555555555,0.0033333333333333,0.0011111111111111,0.0011111111111111,0.0,0.0,0.0,0.0,0.1333333333333333,0.0,0.2366666666666666,0.0,0.0,0.0,0.0,0.0,0.0,0.0,0.0,0.0,0.0,0.0,0.0,0.0,0.0,0.0,0.0,0.0,0.0,0.0,0.0,0.0,0.0,0.0
comp_34,0.0,0.0,1.2333333333333334,0.4633333333333333,0.0,4.088888888888889,0.06,0.3733333333333333,1.451111111111111,10.073333333333334,1.5988888888888888,8.85,0.0033333333333333,3.165555555555556,0.0,0.0,3.1966666666666668,0.0755555555555555,0.0011111111111111,0.0,7.346666666666667,4.767777777777778,0.3266666666666666,0.0,7.543333333333333,0.0,0.0,0.0,0.0,1.3222222222222222,0.0,4.234444444444445,5.926666666666667,0.0,0.0,1.3333333333333333,0.0,0.0,3.223333333333333,1.4166666666666667,0.0,0.0022222222222222,0.0,0.0,0.0,0.0,0.0,0.0,0.0,0.0,0.0,0.0222222222222222,0.9811111111111112,0.0,0.0188888888888888,0.0,0.0,0.0,0.0,0.0,0.0011111111111111,0.5577777777777778,0.0,0.0088888888888888,0.0,0.02,0.0,0.0,0.0,0.0,0.0,0.0,0.0,0.0,0.0,0.0022222222222222,0.0,0.24,0.0011111111111111,0.0,0.0,0.1466666666666666,0.0,0.0,0.5744444444444444,0.0,0.8666666666666667,0.0,0.0,0.0,0.0033333333333333,0.0,0.1777777777777777,0.0,0.5766666666666667,0.7388888888888889,0.0,0.0,0.3711111111111111,0.0,0.0,0.0033333333333333,0.0066666666666666,0.0888888888888888,0.3033333333333333,0.1655555555555555,0.0,0.0522222222222222,0.0,0.1477777777777777,0.0,0.0,0.0511111111111111,0.0033333333333333,0.0,0.0,0.4688888888888889,0.5333333333333333,0.0,0.0088888888888888,0.0,0.0,0.0,0.0,0.0,0.0,0.0,0.0,0.0,0.0,0.0122222222222222,0.23,0.0133333333333333,0.0,0.4255555555555556,0.7333333333333333,1.0566666666666666,0.0,0.0,0.1355555555555555,0.0,0.0,0.0077777777777777,0.0,0.0,0.0922222222222222,0.0,0.0,0.0,0.0,0.0,0.0,0.0033333333333333,0.0,0.0,0.4944444444444444,0.0488888888888888,0.0,0.9844444444444445,0.0,0.0,0.0,0.0,0.0,0.0188888888888888,0.0,0.0055555555555555,0.0,0.0,0.0,0.0,0.1455555555555555,0.0,0.3422222222222222,0.0,0.0,0.0,0.0,0.0,0.0,0.0,0.0,0.0,0.0,0.0,0.0,0.0,0.0,0.0,0.0,0.0,0.0,0.0,0.0,0.0,0.0,0.0
comp_34,0.0,0.88,1.3355555555555556,0.5766666666666667,0.0,4.083333333333333,0.0033333333333333,0.9266666666666666,1.3877777777777778,16.497777777777777,2.3966666666666665,8.813333333333333,1.7077777777777778,1.1044444444444443,0.0,0.0,1.2833333333333334,0.1544444444444444,0.1233333333333333,0.0088888888888888,3.4877777777777776,4.476666666666667,0.0011111111111111,0.0,7.264444444444444,0.0,0.0,0.0,0.0,1.11,0.0,4.014444444444444,6.514444444444444,0.0,0.0088888888888888,1.1688888888888889,0.0,0.0,3.3377777777777777,1.3255555555555556,0.0,0.0011111111111111,0.0033333333333333,0.0,0.0,0.0,0.0,0.0,0.0,0.0,0.0,0.8066666666666666,0.9744444444444444,0.0,0.0,0.0,0.0,0.0,0.0,0.0,0.0266666666666666,0.5822222222222222,0.0933333333333333,0.0244444444444444,0.0022222222222222,0.0333333333333333,0.0,0.0,0.0133333333333333,0.02,0.0011111111111111,0.0011111111111111,0.0833333333333333,0.0,0.0011111111111111,0.0011111111111111,0.0,0.1777777777777777,0.0022222222222222,0.0077777777777777,0.0,0.0577777777777777,0.0,0.0,0.0055555555555555,0.0011111111111111,0.89,0.0988888888888888,0.0,0.0,0.0422222222222222,0.0,0.1066666666666666,0.0,0.2933333333333333,0.1633333333333333,0.0,0.0,0.1366666666666666,0.0,0.0,0.0055555555555555,0.0,0.0055555555555555,0.2711111111111111,0.0066666666666666,0.0,0.0711111111111111,0.1133333333333333,0.0955555555555555,0.0,0.0,0.0088888888888888,0.0022222222222222,0.0,0.0044444444444444,0.0088888888888888,0.3477777777777778,0.0,0.0088888888888888,0.0,0.0011111111111111,0.0022222222222222,0.0,0.0,0.0,0.0,0.0033333333333333,0.0,0.0,0.01,0.0077777777777777,0.0,0.0,0.4644444444444444,0.7811111111111111,1.0066666666666666,0.25,0.0,0.0844444444444444,0.0,0.0,0.1077777777777777,0.0,0.0233333333333333,0.0044444444444444,0.0,0.0,0.0,0.0,0.0,0.0,0.0055555555555555,0.0,0.0088888888888888,0.36,0.0011111111111111,0.0,1.0,0.0,0.0,0.0,0.0,0.0,0.0133333333333333,0.0,0.0088888888888888,0.0,0.0,0.0,0.0,0.2155555555555555,0.0,0.3077777777777777,0.0,0.0,0.0,0.0,0.0,0.0,0.0,0.0,0.0,0.0,0.0,0.0,0.0,0.0,0.0,0.0,0.0,0.0,0.0,0.0,0.0,0.0,0.0
comp_34,0.0,0.5622222222222222,1.227777777777778,0.4788888888888888,0.0,3.885555555555555,0.0066666666666666,1.548888888888889,1.3544444444444443,17.087777777777777,1.251111111111111,8.464444444444444,0.51,1.2177777777777778,0.0,0.0,1.0133333333333334,0.2433333333333333,0.2144444444444444,0.0,3.7311111111111113,4.996666666666667,0.0,0.0,7.51,0.0,0.0,0.0,0.0,0.4866666666666667,0.0,4.514444444444444,6.392222222222222,0.0,0.0055555555555555,2.063333333333333,0.0,0.0,3.698888888888889,1.4477777777777778,0.0,0.0,0.0,0.0,0.0,0.0,0.0,0.0,0.0,0.0,0.0,0.8411111111111111,0.9733333333333334,0.0,0.0,0.0,0.0011111111111111,0.0,0.0,0.0,0.0144444444444444,0.6933333333333334,0.1233333333333333,0.0022222222222222,0.0,0.0388888888888888,0.0,0.0,0.0,0.0666666666666666,0.0,0.0066666666666666,0.1044444444444444,0.0,0.0,0.0,0.0,0.33,0.0,0.0,0.0011111111111111,0.0466666666666666,0.0,0.0,0.0133333333333333,0.0,0.8966666666666666,0.1155555555555555,0.0,0.0011111111111111,0.0166666666666666,0.0,0.0377777777777777,0.0,0.48,0.1511111111111111,0.0,0.0,0.1355555555555555,0.0,0.0,0.0011111111111111,0.0,0.1244444444444444,0.3088888888888889,0.0033333333333333,0.0,0.09,0.0166666666666666,0.0888888888888888,0.0,0.0,0.0133333333333333,0.0111111111111111,0.0011111111111111,0.0,0.0255555555555555,0.28,0.0,0.0044444444444444,0.0,0.0011111111111111,0.0,0.0,0.0,0.0,0.0,0.0011111111111111,0.0,0.0,0.0188888888888888,0.0222222222222222,0.0044444444444444,0.0,0.5088888888888888,0.7822222222222223,0.9722222222222222,0.0333333333333333,0.0,0.1011111111111111,0.0,0.0,0.3266666666666666,0.0,0.0277777777777777,0.0022222222222222,0.0,0.0,0.0,0.0033333333333333,0.0,0.0,0.0133333333333333,0.0,0.0044444444444444,0.5944444444444444,0.0044444444444444,0.0,1.0,0.0,0.0,0.0,0.0,0.0,0.01,0.0,0.0366666666666666,0.0,0.0,0.0,0.0,0.2088888888888889,0.0,0.4155555555555555,0.0,0.0,0.0,0.0,0.0,0.0,0.0,0.0,0.0,0.0,0.0,0.0,0.0,0.0,0.0,0.0,0.0,0.0,0.0,0.0,0.0,0.0,0.0
comp_35,0.0,0.0,0.9844444444444445,0.5466666666666666,0.0011111111111111,3.8533333333333335,0.0,0.8655555555555555,1.3755555555555556,7.188888888888889,1.7833333333333334,8.823333333333334,0.1688888888888889,4.964444444444444,0.0,0.0,1.0577777777777777,0.2611111111111111,0.0133333333333333,0.0,5.323333333333333,4.515555555555555,0.2977777777777777,0.0,6.835555555555556,0.0,0.0,0.0033333333333333,0.0,0.3033333333333333,0.0,3.5277777777777777,6.286666666666667,0.0,0.0,1.92,0.0,0.0,3.687777777777778,1.261111111111111,0.0,0.0011111111111111,0.0,0.0011111111111111,0.0,0.0,0.0,0.0,0.0,0.0,0.0,0.0,0.9833333333333332,0.0,0.4911111111111111,0.0,0.0,0.0,0.0,0.0,0.0144444444444444,0.7688888888888888,0.0066666666666666,0.0088888888888888,0.0,0.0277777777777777,0.0,0.0,0.0,0.0,0.0,0.0,0.0011111111111111,0.0,0.0,0.0044444444444444,0.0,0.3411111111111111,0.0022222222222222,0.0,0.0,0.1555555555555555,0.0,0.0,0.0566666666666666,0.0,0.8433333333333334,0.0111111111111111,0.0,0.0,0.0,0.0,0.0266666666666666,0.0,0.8311111111111111,0.0155555555555555,0.0,0.0,0.2222222222222222,0.0,0.0,0.0055555555555555,0.0,0.0288888888888888,0.3355555555555555,0.0666666666666666,0.0,0.04,0.0055555555555555,0.1244444444444444,0.0,0.0,0.01,0.0122222222222222,0.0,0.0,0.2888888888888888,0.6888888888888889,0.0,0.0088888888888888,0.0122222222222222,0.0077777777777777,0.0,0.0,0.0,0.0,0.0,0.0,0.0,0.0,0.0122222222222222,0.0055555555555555,0.0155555555555555,0.0,0.81,0.63,0.9566666666666668,0.0533333333333333,0.0,0.0211111111111111,0.0,0.0,0.1833333333333333,0.0,0.0,0.04,0.0,0.0,0.0,0.0,0.0,0.0,0.0188888888888888,0.0,0.0,0.6233333333333333,0.0088888888888888,0.0,0.6944444444444444,0.0,0.0133333333333333,0.0,0.0,0.0066666666666666,0.0111111111111111,0.0077777777777777,0.0144444444444444,0.0011111111111111,0.0,0.0088888888888888,0.0,0.12,0.0633333333333333,0.2511111111111111,0.0033333333333333,0.0,0.0,0.0,0.0,0.0,0.0,0.0,0.0,0.0,0.0,0.0,0.0,0.0,0.0,0.0,0.0,0.0,0.0,0.0,0.0,0.0,0.0
comp_35,0.0,0.0,1.318888888888889,0.8455555555555555,0.0,3.725555555555556,0.0466666666666666,1.2544444444444445,1.4633333333333334,11.61111111111111,3.1766666666666667,9.41,0.1188888888888888,3.037777777777778,0.0,0.0,4.672222222222223,0.3533333333333333,0.0,0.0,9.063333333333333,4.553333333333334,0.9855555555555556,0.0,6.631111111111111,0.0,0.0,0.0,0.0,1.596666666666667,0.0,4.62,7.27,0.0,0.0,2.0955555555555554,0.0033333333333333,0.0,3.75,1.4844444444444445,0.0,0.0,0.0,0.0,0.0,0.0,0.0,0.0,0.0,0.0,0.0,0.0,0.9655555555555556,0.0,0.0155555555555555,0.0,0.0,0.0,0.0,0.0,0.0044444444444444,0.4355555555555555,0.0,0.0022222222222222,0.0,0.0,0.0,0.0,0.0,0.0,0.0,0.0,0.0,0.0,0.0,0.0,0.0,0.0066666666666666,0.0,0.0,0.0,0.2788888888888889,0.0,0.0,0.3111111111111111,0.0,0.9311111111111112,0.0,0.0,0.0,0.0,0.0,0.0988888888888888,0.0,0.8277777777777777,0.0233333333333333,0.0,0.0,0.9611111111111112,0.0,0.0,0.0122222222222222,0.0011111111111111,0.0022222222222222,0.0677777777777777,0.1766666666666666,0.0,0.0977777777777777,0.0033333333333333,0.2455555555555555,0.0,0.0,0.0266666666666666,0.01,0.0,0.0,0.2177777777777777,0.0944444444444444,0.0,0.0044444444444444,0.0,0.0,0.0,0.0,0.0,0.0,0.0,0.0,0.0,0.0,0.0044444444444444,0.2711111111111111,0.0144444444444444,0.0,0.6833333333333333,0.9811111111111112,0.9655555555555556,0.0877777777777777,0.0,0.1466666666666666,0.0,0.0,0.0055555555555555,0.0,0.1277777777777777,0.0888888888888888,0.0,0.0,0.0,0.0022222222222222,0.0,0.0,0.0,0.0,0.0,0.5655555555555556,0.0,0.0,0.9944444444444444,0.0,0.0011111111111111,0.0,0.0,0.0,0.0,0.0011111111111111,0.0,0.0,0.0,0.06,0.0,0.2611111111111111,0.0144444444444444,0.4522222222222222,0.0,0.0,0.0,0.0,0.0,0.0,0.0,0.0,0.0,0.0,0.0,0.0,0.0,0.0,0.0,0.0,0.0,0.0,0.0,0.0,0.0,0.0,0.0
comp_35,0.0,0.0,1.0611111111111111,0.4033333333333333,0.0,3.5444444444444443,0.0633333333333333,0.82,1.3522222222222222,11.11,1.1466666666666667,8.998888888888889,0.1955555555555555,3.3966666666666665,0.0,0.0,5.435555555555555,0.0611111111111111,0.0,0.0,10.524444444444445,5.136666666666667,1.7,0.0,7.74,0.0011111111111111,0.0,0.0,0.0,0.9544444444444444,0.0,4.648888888888889,5.99,0.0,0.0,0.8044444444444444,0.0011111111111111,0.0,3.0588888888888888,1.1922222222222223,0.0,0.0,0.0,0.0,0.0,0.0,0.0,0.0,0.0,0.0,0.0,0.0,0.9911111111111112,0.0,0.0744444444444444,0.0,0.0,0.0,0.0,0.0011111111111111,0.0011111111111111,0.4588888888888889,0.0,0.0,0.0011111111111111,0.0355555555555555,0.0,0.0,0.0,0.0,0.0,0.0,0.0,0.0,0.0,0.0,0.0,0.2211111111111111,0.0,0.0,0.0,0.0455555555555555,0.0,0.0,0.2911111111111111,0.0,0.8977777777777778,0.0,0.0,0.0,0.0,0.0,0.1144444444444444,0.0,0.7522222222222222,0.0088888888888888,0.0,0.0,0.36,0.0,0.0,0.0,0.0066666666666666,0.1422222222222222,0.2977777777777777,0.2188888888888888,0.0011111111111111,0.0488888888888888,0.0022222222222222,0.0944444444444444,0.0,0.0,0.0433333333333333,0.0,0.0,0.0,0.2955555555555555,0.1766666666666666,0.0,0.0122222222222222,0.0,0.0022222222222222,0.0,0.0,0.0,0.0,0.0,0.0,0.0,0.0,0.01,0.1477777777777777,0.0588888888888888,0.0011111111111111,0.7088888888888889,0.6466666666666666,1.0233333333333334,0.0888888888888888,0.0,0.0933333333333333,0.0,0.0,0.0111111111111111,0.0,0.0022222222222222,0.1033333333333333,0.0,0.0,0.0,0.0011111111111111,0.0,0.0,0.0011111111111111,0.0,0.0,0.4588888888888889,0.0488888888888888,0.0,0.9322222222222222,0.0,0.0122222222222222,0.0,0.0,0.0,0.0355555555555555,0.0033333333333333,0.0155555555555555,0.0,0.0,0.04,0.0,0.1255555555555555,0.0277777777777777,0.38,0.0,0.0,0.0,0.0,0.0,0.0,0.0,0.0,0.0,0.0,0.0,0.0,0.0,0.0,0.0,0.0,0.0,0.0,0.0,0.0,0.0,0.0,0.0
comp_36,0.0,0.0,1.1755555555555557,0.5688888888888889,0.0,3.81,0.0,0.3711111111111111,1.4044444444444444,3.4744444444444444,2.06,9.317777777777778,0.1477777777777777,1.6322222222222222,0.0,0.0,0.0377777777777777,0.2911111111111111,0.0055555555555555,0.0,2.1622222222222223,4.527777777777778,0.0,0.0,8.231111111111112,0.0,0.0,0.0077777777777777,0.0022222222222222,0.4133333333333333,0.0,4.614444444444445,6.446666666666666,0.0,0.0,2.241111111111111,0.0,0.0,3.9244444444444446,1.5144444444444445,0.0,0.0,0.0,0.0,0.0,0.0,0.0,0.0,0.0,0.0,0.0,0.0,0.9966666666666668,0.0,0.0,0.0,0.0,0.0,0.0,0.0,0.0055555555555555,0.82,0.0011111111111111,0.0155555555555555,0.0,0.0544444444444444,0.0,0.0,0.0,0.0,0.0,0.0,0.0055555555555555,0.0,0.0,0.0,0.0,0.3144444444444444,0.0033333333333333,0.0,0.0,0.27,0.0,0.0,0.0,0.0,0.8644444444444445,0.0,0.0,0.0,0.0,0.0,0.0011111111111111,0.0,1.11,0.0033333333333333,0.0,0.0,0.2288888888888889,0.0,0.0,0.0011111111111111,0.0,0.1544444444444444,0.2711111111111111,0.0033333333333333,0.0022222222222222,0.0166666666666666,0.0255555555555555,0.1833333333333333,0.0,0.0,0.0,0.0044444444444444,0.0022222222222222,0.0,0.1077777777777777,0.69,0.0,0.0055555555555555,0.0188888888888888,0.0044444444444444,0.0,0.0,0.0,0.0,0.0,0.0,0.0,0.0,0.0144444444444444,0.0,0.1988888888888889,0.0,0.9144444444444444,0.8166666666666667,1.0877777777777775,0.0666666666666666,0.0,0.0044444444444444,0.0,0.0,0.0588888888888888,0.0,0.0166666666666666,0.0,0.0,0.0,0.0,0.0,0.0,0.0,0.0122222222222222,0.0,0.0,0.57,0.04,0.0,0.0,0.0,0.0,0.0,0.0,0.0244444444444444,0.0,0.0011111111111111,0.0088888888888888,0.0,0.0,0.0,0.0,0.1255555555555555,0.0,0.4455555555555555,0.0,0.0,0.0,0.0,0.0,0.0,0.0,0.0,0.0,0.0,0.0,0.0,0.0,0.0,0.0,0.0,0.0,0.0,0.0,0.0,0.0,0.0,0.0
comp_36,0.0,0.0,1.3722222222222222,0.5133333333333333,0.0,3.832222222222222,0.0,0.55,1.2833333333333334,3.1644444444444444,1.7244444444444444,8.624444444444444,0.1811111111111111,1.4733333333333334,0.0,0.0,0.09,0.57,0.0077777777777777,0.0,2.4677777777777776,3.5,0.0,0.0,8.284444444444444,0.0011111111111111,0.0,0.0055555555555555,0.1655555555555555,0.8944444444444445,0.0,4.431111111111111,7.217777777777778,0.0,0.0,0.8911111111111111,0.0,0.0,2.582222222222222,1.4088888888888889,0.0,0.0,0.0,0.0,0.0,0.0,0.0,0.0,0.0,0.0,0.0,0.0,0.9888888888888888,0.0,0.0,0.0,0.0,0.0,0.0,0.0,0.0033333333333333,0.7222222222222222,0.0044444444444444,0.2677777777777778,0.0,0.0255555555555555,0.0,0.0,0.0244444444444444,0.0,0.0,0.0,0.0,0.0,0.0,0.0111111111111111,0.0,0.2877777777777778,0.0011111111111111,0.0,0.0,0.0688888888888888,0.0,0.0,0.0,0.0,0.8522222222222222,0.0,0.0,0.0,0.0,0.0088888888888888,0.0944444444444444,0.0022222222222222,0.6944444444444444,0.0088888888888888,0.0,0.0,0.3222222222222222,0.0,0.0,0.0011111111111111,0.0,0.1177777777777777,0.2811111111111111,0.0133333333333333,0.0,0.0388888888888888,0.0233333333333333,0.0822222222222222,0.0,0.0,0.0,0.0166666666666666,0.0,0.0,0.0377777777777777,0.1855555555555555,0.0,0.0055555555555555,0.0388888888888888,0.0011111111111111,0.0,0.0,0.0,0.0,0.0,0.0,0.0,0.0,0.03,0.0,0.0244444444444444,0.0,0.7344444444444445,0.83,1.0555555555555556,0.0911111111111111,0.0,0.0022222222222222,0.0,0.2166666666666666,0.0166666666666666,0.0,0.1822222222222222,0.0044444444444444,0.0,0.0,0.0,0.0011111111111111,0.0,0.0,0.0133333333333333,0.0,0.0,0.2422222222222222,0.04,0.0,0.0,0.0,0.0,0.0,0.0,0.0966666666666666,0.0055555555555555,0.0133333333333333,0.0033333333333333,0.0,0.0,0.0,0.0,0.2022222222222222,0.0,0.4155555555555555,0.0,0.0,0.0,0.0,0.0,0.0,0.0,0.0,0.0,0.0,0.0,0.0,0.0,0.0,0.0,0.0,0.0,0.0,0.0,0.0,0.0,0.0,0.0
comp_36,0.0,0.0,1.3,0.79,0.0,4.223333333333334,0.0,0.6233333333333333,1.4555555555555555,3.286666666666666,4.026666666666666,9.726666666666668,0.4088888888888889,1.14,0.0,0.0,0.0255555555555555,0.2077777777777777,0.0077777777777777,0.0,1.935555555555556,4.678888888888889,0.0,0.0,7.495555555555556,0.0,0.0,0.0277777777777777,0.0133333333333333,1.038888888888889,0.0,4.262222222222222,6.99,0.0,0.0,1.271111111111111,0.0,0.0,4.531111111111112,1.441111111111111,0.0,0.0,0.0,0.0,0.0,0.0,0.0,0.0,0.0,0.0,0.0,0.0,0.9822222222222222,0.0,0.0,0.0,0.0,0.0,0.0,0.0,0.0022222222222222,0.6866666666666666,0.0011111111111111,0.04,0.0,0.0333333333333333,0.0,0.0,0.0,0.0,0.0,0.0,0.0,0.0,0.0,0.0022222222222222,0.0,0.02,0.0,0.0,0.0,0.21,0.0,0.0,0.0,0.0,0.9111111111111112,0.0,0.0,0.0,0.0,0.0,0.0133333333333333,0.0,0.9277777777777778,0.0166666666666666,0.0,0.0,0.1666666666666666,0.0033333333333333,0.0,0.0,0.0,0.0111111111111111,0.2388888888888889,0.0066666666666666,0.0,0.0433333333333333,0.0388888888888888,0.1166666666666666,0.0,0.0,0.0022222222222222,0.0011111111111111,0.0011111111111111,0.0,0.1644444444444444,0.0988888888888888,0.0,0.0044444444444444,0.0388888888888888,0.0044444444444444,0.0,0.0,0.0,0.0,0.0,0.0,0.0,0.0,0.0144444444444444,0.0,0.0955555555555555,0.0011111111111111,0.9044444444444444,0.8033333333333333,0.9811111111111112,0.1111111111111111,0.0,0.0033333333333333,0.0,0.0,0.0355555555555555,0.0,0.1122222222222222,0.0044444444444444,0.0,0.0,0.0,0.0011111111111111,0.0,0.0,0.0022222222222222,0.0,0.0,0.2144444444444444,0.0077777777777777,0.0,0.0,0.0,0.0,0.0,0.0,0.0311111111111111,0.0,0.0033333333333333,0.0122222222222222,0.0,0.0,0.0,0.0,0.2044444444444444,0.0,0.3444444444444444,0.0,0.0,0.0,0.0,0.0,0.0,0.0,0.0,0.0,0.0,0.0,0.0,0.0,0.0,0.0,0.0,0.0,0.0,0.0,0.0,0.0,0.0,0.0
comp_37,0.0,0.0,0.2677777777777778,0.7588888888888888,0.0,2.08,0.0,0.44,0.77,2.975555555555556,2.0144444444444445,9.893333333333333,0.3833333333333333,2.0844444444444443,0.0,0.0,0.0,1.01,0.1922222222222222,0.0055555555555555,1.9666666666666663,9.097777777777775,0.0,0.0,5.517777777777778,0.0,0.0,0.0,0.1288888888888889,0.3911111111111111,0.0,1.2844444444444445,8.018888888888888,0.0,0.0,4.202222222222222,0.0,0.0,3.793333333333333,0.0877777777777777,0.0,0.0,0.0,0.0,0.0,0.0,0.0,0.0,0.0,0.0,0.0,0.0,0.9944444444444444,0.0,0.0,0.0,0.0,0.0144444444444444,0.0,0.0,0.0,0.0333333333333333,0.0033333333333333,0.0055555555555555,0.0,0.0,0.0,0.0,0.0,0.0,0.0,0.0,0.0,0.0,0.0577777777777777,0.06,0.0,0.0177777777777777,0.0,0.0,0.0,0.0288888888888888,0.0,0.0,0.0,0.0011111111111111,0.5844444444444444,0.0,0.0,0.0,0.0,0.03,0.0011111111111111,0.7555555555555555,0.6411111111111111,0.0055555555555555,0.0,0.0,0.1155555555555555,0.0,0.0,0.0,0.0,0.0211111111111111,0.6244444444444445,0.0211111111111111,0.0022222222222222,0.0488888888888888,0.09,0.1433333333333333,0.0,0.0,0.0,0.0344444444444444,0.0,0.0033333333333333,0.0122222222222222,0.2922222222222222,0.0,0.0,0.0244444444444444,0.0022222222222222,0.0,0.0,0.0055555555555555,0.0,0.0055555555555555,0.0,0.0,0.0,0.0,0.0,0.0,0.0,0.6888888888888889,0.7888888888888889,1.2,0.1111111111111111,0.0,0.0,0.0,0.0,0.2133333333333333,0.0811111111111111,0.0266666666666666,0.0,0.0,0.0,0.0,0.0,0.0,0.0,0.0055555555555555,0.0344444444444444,0.0,0.2822222222222222,0.0088888888888888,0.0011111111111111,0.0,0.0,0.0,0.0,0.0,0.0766666666666666,0.0222222222222222,0.0933333333333333,0.0077777777777777,0.0,0.0,0.0,0.0,0.11,0.0,0.0,0.0,0.0,0.0,0.0,0.0,0.0,0.0,0.0,0.0,0.0,0.0,0.0,0.0,0.0,0.0,0.0,0.0,0.0,0.0,0.0,0.0,0.0,0.0
comp_37,0.0,0.0,1.022222222222222,0.2622222222222222,0.0,3.891111111111111,0.0,1.7055555555555555,1.2344444444444445,2.306666666666666,1.1488888888888888,9.774444444444445,0.1544444444444444,3.9988888888888887,0.0,0.0,0.0,0.2066666666666666,0.0011111111111111,0.0,3.9,5.344444444444444,0.0,0.0,7.7844444444444445,0.0,0.0,0.0,0.0022222222222222,2.083333333333333,0.0,4.482222222222222,7.3677777777777775,0.0,0.0,1.0044444444444445,0.0,0.0,3.3455555555555554,1.0477777777777777,0.0,0.0,0.0,0.0,0.0,0.0,0.0,0.0,0.0,0.0,0.0,0.0,0.9866666666666668,0.0,0.0,0.0,0.0,0.0,0.0,0.0022222222222222,0.9544444444444444,0.4555555555555555,0.0033333333333333,0.0377777777777777,0.0,0.0177777777777777,0.0,0.0,0.0,0.0,0.0,0.0577777777777777,0.0,0.0,0.02,0.0011111111111111,0.0,0.2333333333333333,0.0,0.0,0.0,0.13,0.0,0.0,0.0011111111111111,0.0,0.8788888888888889,0.0,0.0,0.0,0.0,0.0011111111111111,0.3111111111111111,0.0,0.2355555555555555,0.0122222222222222,0.0,0.0,0.0733333333333333,0.0,0.0,0.0033333333333333,0.0,0.2911111111111111,0.2177777777777777,0.0,0.0,0.0366666666666666,0.0455555555555555,0.1788888888888888,0.0,0.0,0.0,0.0066666666666666,0.0,0.0,0.0177777777777777,0.29,0.0,0.0033333333333333,0.0077777777777777,0.0044444444444444,0.0,0.0,0.0,0.0,0.0,0.0,0.0,0.0,0.01,0.0,0.0077777777777777,0.0,0.6433333333333333,0.6077777777777778,1.008888888888889,0.0488888888888888,0.0,0.0,0.0,0.0,0.0155555555555555,0.0,0.14,0.0,0.0,0.0,0.0,0.0011111111111111,0.0,0.0,0.0033333333333333,0.0,0.0,0.5544444444444444,0.01,0.0,0.0,0.0,0.0,0.0,0.0,0.0011111111111111,0.0155555555555555,0.0011111111111111,0.0066666666666666,0.0,0.0,0.0,0.0,0.1133333333333333,0.0,0.4233333333333333,0.0,0.0,0.0,0.0,0.0,0.0,0.0,0.0,0.0,0.0,0.0,0.0,0.0,0.0,0.0,0.0,0.0,0.0,0.0,0.0,0.0,0.0,0.0
comp_37,0.0,0.0,1.1944444444444444,0.7822222222222223,0.0,3.375555555555556,0.0,1.247777777777778,1.4355555555555557,3.4255555555555555,1.9555555555555555,9.745555555555557,0.3255555555555555,1.22,0.0,0.0,0.0,0.2244444444444444,0.1344444444444444,0.0,1.6177777777777778,7.587777777777778,0.0,0.0,7.386666666666667,0.0,0.0,0.0,0.0066666666666666,0.2055555555555555,0.0,3.7622222222222224,8.258888888888889,0.0,0.0,2.1444444444444444,0.0,0.0,3.506666666666667,0.8855555555555555,0.0,0.0,0.0,0.0,0.0,0.0,0.0,0.0,0.0,0.0,0.0,0.0,0.9944444444444444,0.0,0.0,0.0,0.0,0.0,0.0,0.0,0.0288888888888888,0.8922222222222222,0.0077777777777777,0.0566666666666666,0.0,0.0233333333333333,0.0,0.0,0.0,0.0,0.0,0.0033333333333333,0.0,0.0,0.0111111111111111,0.0255555555555555,0.0,0.36,0.0033333333333333,0.0,0.0,0.1555555555555555,0.0,0.0,0.0,0.0,0.8055555555555556,0.0,0.0,0.0,0.0011111111111111,0.0011111111111111,0.0155555555555555,0.0,0.32,0.0022222222222222,0.0,0.0,0.0755555555555555,0.0,0.0,0.0,0.0,0.0155555555555555,0.1444444444444444,0.0033333333333333,0.0,0.0322222222222222,0.0455555555555555,0.0744444444444444,0.0,0.0,0.0,0.01,0.0255555555555555,0.0,0.0144444444444444,0.0366666666666666,0.0,0.0033333333333333,0.02,0.0066666666666666,0.0,0.0,0.0,0.0,0.0,0.0,0.0,0.0,0.0188888888888888,0.0,0.0011111111111111,0.0,0.4422222222222222,0.89,0.9988888888888888,0.1311111111111111,0.0,0.0,0.0,0.0,0.0633333333333333,0.0,0.0255555555555555,0.0,0.0,0.0,0.0,0.0,0.0,0.0,0.0155555555555555,0.0,0.0,0.3688888888888889,0.0011111111111111,0.0,0.0,0.0,0.0,0.0,0.0,0.0188888888888888,0.0,0.0055555555555555,0.0033333333333333,0.0,0.0,0.0,0.0,0.2555555555555555,0.0,0.2044444444444444,0.0,0.0,0.0,0.0,0.0,0.0,0.0,0.0,0.0,0.0,0.0,0.0,0.0,0.0,0.0,0.0,0.0,0.0,0.0,0.0,0.0,0.0,0.0
comp_38,0.0,0.0,1.3066666666666666,0.4188888888888888,0.0,4.134444444444444,0.5577777777777778,0.5822222222222222,1.3055555555555556,9.944444444444445,2.671111111111111,9.04,0.0222222222222222,3.256666666666667,0.0,0.0,3.847777777777778,0.1211111111111111,0.0,0.0011111111111111,8.071111111111112,4.483333333333333,0.5822222222222222,0.0,7.865555555555556,0.0,0.0,0.0,0.0,2.1544444444444446,0.0,4.658888888888889,6.183333333333334,0.0,0.0177777777777777,0.9733333333333334,0.0022222222222222,0.0,3.55,1.3066666666666666,0.0,0.0,0.0,0.0,0.0,0.0,0.0,0.0,0.0,0.0,0.0,0.0,0.9788888888888888,0.0,0.03,0.0,0.0,0.0,0.0,0.0,0.0,0.28,0.0,0.0011111111111111,0.0011111111111111,0.0077777777777777,0.0,0.0,0.0,0.0,0.0,0.0011111111111111,0.0,0.0,0.0,0.0,0.0,0.02,0.0,0.0,0.0,0.1066666666666666,0.0,0.0,0.5788888888888889,0.0,0.8855555555555555,0.0,0.0,0.0,0.0366666666666666,0.0,0.1644444444444444,0.0,0.6544444444444445,0.02,0.0,0.0,0.3555555555555555,0.0022222222222222,0.0,0.0077777777777777,0.0044444444444444,0.0977777777777777,0.3122222222222222,0.1488888888888888,0.0,0.07,0.0033333333333333,0.2355555555555555,0.0,0.0,0.1566666666666666,0.0066666666666666,0.0,0.0,0.5855555555555556,0.3111111111111111,0.0,0.0033333333333333,0.0,0.0,0.0,0.0077777777777777,0.0,0.0,0.0,0.0,0.0,0.0,0.0088888888888888,0.4944444444444444,0.0433333333333333,0.0,0.4188888888888888,0.8577777777777778,1.018888888888889,0.0155555555555555,0.0,0.1377777777777777,0.0,0.0355555555555555,0.0111111111111111,0.0,0.0788888888888888,0.0844444444444444,0.0,0.0,0.0,0.0,0.0,0.0,0.0,0.0,0.0166666666666666,0.6733333333333333,0.07,0.0,0.9744444444444444,0.0,0.0,0.0,0.0,0.0,0.0188888888888888,0.0022222222222222,0.0077777777777777,0.0,0.0,0.0,0.0,0.1477777777777777,0.0,0.4388888888888889,0.0,0.0,0.0,0.0,0.0,0.0,0.0,0.0,0.0,0.0,0.0,0.0,0.0,0.0,0.0,0.0,0.0,0.0,0.0,0.0,0.0,0.0,0.0
comp_38,0.0,0.0,1.278888888888889,0.3888888888888889,0.0,3.9466666666666654,0.3588888888888888,0.42,1.441111111111111,9.78111111111111,1.7166666666666666,8.966666666666667,0.1544444444444444,2.988888888888889,0.0,0.0,3.241111111111111,0.0733333333333333,0.5011111111111111,0.0,7.901111111111111,3.17,0.5044444444444445,0.0,7.545555555555556,0.0,0.0,0.0,0.0,0.2322222222222222,0.0,4.055555555555555,8.012222222222222,0.0,0.0,2.528888888888889,0.0055555555555555,0.0,2.921111111111111,1.1144444444444443,0.0,0.0,0.0,0.0,0.0,0.0,0.0,0.0,0.0,0.0,0.0,0.0,0.9788888888888888,0.0,0.0066666666666666,0.0,0.0,0.0,0.0,0.0,0.1533333333333333,0.77,0.0,0.0088888888888888,0.0,0.0177777777777777,0.0,0.0,0.0,0.0,0.0,0.0011111111111111,0.0,0.0,0.0,0.0,0.0,0.3455555555555555,0.0,0.0011111111111111,0.0,0.0211111111111111,0.0,0.0,0.4788888888888888,0.0,0.9088888888888887,0.0,0.0,0.0,0.0811111111111111,0.0,0.0111111111111111,0.0022222222222222,0.4633333333333333,0.0166666666666666,0.0,0.0,0.2766666666666666,0.0,0.0,0.0033333333333333,0.0011111111111111,0.0055555555555555,0.1988888888888889,0.1188888888888888,0.0,0.0566666666666666,0.0377777777777777,0.0988888888888888,0.0,0.0,0.0877777777777777,0.0044444444444444,0.0244444444444444,0.0,0.5355555555555556,0.1611111111111111,0.0,0.0188888888888888,0.0,0.0011111111111111,0.0,0.0,0.0,0.0,0.0,0.0,0.0,0.0,0.0166666666666666,0.3,0.0011111111111111,0.0,0.52,0.7577777777777778,1.028888888888889,0.0277777777777777,0.0,0.0988888888888888,0.0,0.0,0.18,0.0,0.0988888888888888,0.0522222222222222,0.0,0.0,0.0,0.0,0.0,0.0044444444444444,0.0055555555555555,0.0,0.0088888888888888,0.2088888888888889,0.0144444444444444,0.0,0.9933333333333332,0.0,0.0,0.0,0.0,0.0,0.0022222222222222,0.0,0.0155555555555555,0.0,0.0,0.0,0.0,0.3777777777777777,0.0,0.3011111111111111,0.0,0.0,0.0,0.0,0.0,0.0,0.0,0.0,0.0,0.0,0.0,0.0,0.0,0.0,0.0,0.0,0.0,0.0,0.0,0.0,0.0,0.0,0.0
comp_38,0.0,0.0,1.5133333333333334,0.7955555555555556,0.0,4.232222222222222,1.181111111111111,0.32,1.3488888888888888,11.051111111111112,1.961111111111111,9.141111111111112,1.9933333333333327,3.118888888888889,0.0,0.0,3.681111111111111,0.0944444444444444,1.2466666666666666,0.0,8.166666666666666,4.923333333333333,0.3477777777777778,0.0022222222222222,7.32,0.0,0.0,0.0,0.0,0.7866666666666666,0.0088888888888888,5.155555555555556,5.224444444444444,0.0,0.0122222222222222,0.0,0.0855555555555555,0.0,5.027777777777778,1.3833333333333333,0.0,0.0,0.0,0.0,0.0,0.0,0.0,0.0,0.0,0.0,0.0,0.0,0.9744444444444444,0.0,0.0,0.0,0.0,0.0033333333333333,0.0,0.0,0.1511111111111111,0.1377777777777777,0.0,0.0,0.0,0.0088888888888888,0.0,0.0,0.0,0.0,0.0,0.0,0.0,0.0,0.0,0.0,0.0,0.0366666666666666,0.0,0.0,0.0,0.0033333333333333,0.0,0.0,0.5488888888888889,0.0,0.8788888888888889,0.0,0.0,0.0,0.0,0.0,0.0144444444444444,0.0,1.241111111111111,0.0222222222222222,0.0,0.0,0.25,0.0,0.0,0.0066666666666666,0.0211111111111111,0.0022222222222222,0.32,0.0922222222222222,0.0022222222222222,0.0455555555555555,0.1177777777777777,0.1255555555555555,0.0,0.0,0.1477777777777777,0.0,0.0,0.0022222222222222,0.6288888888888889,0.2655555555555555,0.0,0.0011111111111111,0.0,0.0033333333333333,0.0,0.0,0.0,0.0011111111111111,0.0,0.0,0.0,0.0,0.0088888888888888,0.4766666666666667,0.0988888888888888,0.0,0.4511111111111111,0.7866666666666666,1.0644444444444443,0.6688888888888889,0.0,0.1811111111111111,0.0,0.0,0.0144444444444444,0.0,0.0,0.0522222222222222,0.0,0.0,0.0,0.0011111111111111,0.0,0.01,0.0,0.0,0.0088888888888888,0.1277777777777777,0.0311111111111111,0.0,1.0,0.0,0.0,0.0,0.0,0.0,0.0033333333333333,0.0,0.0044444444444444,0.0,0.0,0.0,0.0,0.0911111111111111,0.0,0.5355555555555556,0.0,0.0,0.0,0.0,0.0,0.0,0.0,0.0,0.0,0.0,0.0,0.0,0.0,0.0,0.0,0.0,0.0,0.0,0.0,0.0,0.0,0.0,0.0
comp_39,0.0,0.0033333333333333,1.2955555555555556,0.3877777777777778,0.0,3.935555555555556,0.0711111111111111,0.5011111111111111,1.3677777777777778,7.918888888888889,2.16,9.154444444444444,0.0,4.062222222222222,0.0,0.0,1.8133333333333328,0.14,0.0,0.0,5.57,3.844444444444445,0.0822222222222222,0.0,7.564444444444445,0.0,0.0,0.0,0.0044444444444444,0.8777777777777778,0.0011111111111111,4.582222222222223,6.654444444444445,0.0,0.0866666666666666,1.153333333333333,0.0,0.0,3.533333333333333,1.1655555555555557,0.0,0.0,0.0,0.0033333333333333,0.0,0.0,0.0,0.0011111111111111,0.0,0.0,0.0,0.0,0.9833333333333332,0.0,0.34,0.0,0.0,0.0,0.0,0.0,0.29,0.7166666666666667,0.0011111111111111,0.1566666666666666,0.0,0.0011111111111111,0.0,0.0,0.0,0.0,0.0,0.0055555555555555,0.03,0.0,0.0044444444444444,0.0177777777777777,0.0,0.32,0.0,0.0,0.0,0.0044444444444444,0.0,0.0,0.1688888888888889,0.0,0.8455555555555555,0.0,0.0,0.0,0.0511111111111111,0.0011111111111111,0.1188888888888888,0.0277777777777777,0.44,0.0133333333333333,0.0022222222222222,0.0,0.28,0.0011111111111111,0.0,0.0044444444444444,0.0011111111111111,0.0644444444444444,0.1755555555555555,0.0577777777777777,0.0,0.0644444444444444,0.0033333333333333,0.0833333333333333,0.0,0.0,0.0955555555555555,0.0,0.0,0.0022222222222222,0.2544444444444444,0.3155555555555555,0.0,0.0033333333333333,0.0044444444444444,0.0022222222222222,0.0,0.0,0.3066666666666666,0.0,0.0,0.0,0.0,0.0,0.0177777777777777,0.1533333333333333,0.0044444444444444,0.0,0.6377777777777778,0.8222222222222222,1.0733333333333333,0.0466666666666666,0.0,0.04,0.0,0.0055555555555555,0.0,0.0,0.1555555555555555,0.0255555555555555,0.0,0.0,0.0,0.0,0.0,0.0,0.0555555555555555,0.0,0.0477777777777777,0.0733333333333333,0.02,0.0,0.7633333333333333,0.0,0.0155555555555555,0.0,0.0,0.0122222222222222,0.0,0.0011111111111111,0.0066666666666666,0.0011111111111111,0.0,0.0,0.0,0.19,0.0,0.4022222222222222,0.0,0.0,0.0,0.0,0.0,0.0,0.0,0.0,0.0,0.0,0.0,0.0,0.0,0.0,0.0,0.0,0.0,0.0,0.0,0.0,0.0,0.0,0.0
comp_39,0.0,0.0,1.257777777777778,0.5833333333333334,0.0,4.191111111111111,0.2488888888888888,1.252222222222222,1.356666666666667,8.011111111111111,3.065555555555556,9.533333333333331,0.0366666666666666,4.776666666666666,0.0,0.0,2.806666666666666,0.38,0.0533333333333333,0.0033333333333333,6.63,4.0777777777777775,0.1122222222222222,0.0,6.742222222222222,0.0,0.0,0.0,0.0,2.3855555555555554,0.0,4.745555555555556,7.231111111111111,0.0,0.02,1.0711111111111111,0.0,0.0,2.871111111111111,0.7911111111111111,0.0,0.0,0.0,0.0,0.0,0.0,0.0,0.0,0.0,0.0,0.0,0.0,0.9822222222222222,0.0,0.3388888888888889,0.0,0.0,0.0,0.0,0.0,0.0333333333333333,0.33,0.0,0.1966666666666666,0.0,0.0,0.0,0.0,0.0,0.0,0.0,0.0077777777777777,0.0,0.0,0.0,0.0355555555555555,0.0,0.0033333333333333,0.0,0.0,0.0,0.0066666666666666,0.0,0.0,0.3211111111111111,0.0011111111111111,0.8544444444444445,0.0,0.0,0.0,0.1577777777777777,0.0,0.0522222222222222,0.0,0.6155555555555555,0.0155555555555555,0.0,0.0,0.2611111111111111,0.0,0.0,0.02,0.0022222222222222,0.0155555555555555,0.1055555555555555,0.0955555555555555,0.0,0.0722222222222222,0.0011111111111111,0.0866666666666666,0.0,0.0,0.2011111111111111,0.0144444444444444,0.01,0.0022222222222222,0.3033333333333333,0.6311111111111111,0.0,0.0011111111111111,0.0,0.0033333333333333,0.0,0.0,0.0,0.0,0.0,0.0,0.0,0.0,0.0077777777777777,0.3833333333333333,0.0266666666666666,0.0,0.6177777777777778,0.9422222222222222,0.8555555555555555,0.0477777777777777,0.0,0.0933333333333333,0.0,0.0644444444444444,0.06,0.0077777777777777,0.1555555555555555,0.0466666666666666,0.0,0.0,0.0,0.0033333333333333,0.0,0.0,0.0,0.0,0.0177777777777777,0.1222222222222222,0.0011111111111111,0.0,0.7688888888888888,0.0,0.0077777777777777,0.0,0.0011111111111111,0.0122222222222222,0.0,0.0111111111111111,0.0,0.0066666666666666,0.0,0.0,0.0,0.2022222222222222,0.0,0.4355555555555555,0.0,0.0,0.0,0.0,0.0,0.0,0.0,0.0,0.0,0.0,0.0,0.0,0.0,0.0,0.0,0.0,0.0,0.0011111111111111,0.0,0.0,0.0,0.0,0.0
comp_39,0.0,0.0,1.2255555555555555,0.7777777777777778,0.0022222222222222,3.931111111111111,0.2455555555555555,0.3266666666666666,1.3266666666666669,9.837777777777776,3.807777777777778,8.566666666666666,0.6388888888888888,2.49,0.0,0.0,3.305555555555556,0.3133333333333333,0.0,0.0,5.416666666666667,5.012222222222222,0.0488888888888888,0.0,7.9222222222222225,0.0,0.0,0.0211111111111111,0.0,1.0933333333333333,0.0,4.113333333333333,7.105555555555555,0.0,0.0388888888888888,2.391111111111111,0.0,0.0,3.923333333333333,1.6588888888888889,0.0,0.0,0.0,0.0,0.0,0.0,0.0,0.0,0.0,0.0,0.0,0.0,0.9888888888888888,0.0,0.0044444444444444,0.0,0.0,0.0,0.0011111111111111,0.0,0.1388888888888889,0.6022222222222222,0.0044444444444444,0.08,0.0,0.0088888888888888,0.0,0.0,0.0,0.0,0.0,0.0744444444444444,0.0,0.0,0.0022222222222222,0.0211111111111111,0.0,0.0011111111111111,0.0,0.0,0.0,0.4222222222222222,0.0,0.0,0.2,0.0,0.9144444444444444,0.0011111111111111,0.0,0.0,0.1422222222222222,0.0,0.0466666666666666,0.0,0.4466666666666666,0.01,0.0,0.0,0.2033333333333333,0.0033333333333333,0.0,0.0044444444444444,0.0133333333333333,0.0322222222222222,0.2711111111111111,0.1033333333333333,0.0,0.0611111111111111,0.0711111111111111,0.4088888888888889,0.0,0.0,0.2077777777777777,0.0111111111111111,0.0,0.0,0.1577777777777777,0.1688888888888889,0.0,0.0133333333333333,0.0122222222222222,0.0033333333333333,0.0,0.0011111111111111,0.0,0.0,0.0,0.0,0.0,0.0,0.02,0.3044444444444444,0.0488888888888888,0.0,0.7377777777777778,0.9355555555555556,0.8822222222222222,0.0855555555555555,0.0,0.1366666666666666,0.0,0.0,0.0155555555555555,0.0,0.1722222222222222,0.0544444444444444,0.0,0.0,0.0,0.0022222222222222,0.0,0.0,0.0011111111111111,0.0,0.0488888888888888,0.5088888888888888,0.01,0.0,0.9966666666666668,0.0,0.0011111111111111,0.0,0.0,0.0011111111111111,0.0,0.0,0.0033333333333333,0.0,0.0,0.0,0.0,0.2288888888888889,0.0,0.2977777777777777,0.0,0.0,0.0,0.0,0.0,0.0,0.0,0.0,0.0,0.0,0.0,0.0,0.0,0.0,0.0,0.0,0.0,0.0,0.0,0.0,0.0,0.0,0.0
comp_4,0.0,0.0,1.24,1.5988888888888888,0.0088888888888888,3.9077777777777776,0.0,0.0144444444444444,1.6188888888888888,8.536666666666667,4.917777777777777,7.627777777777778,0.77,2.8566666666666665,0.0,0.01,0.12,0.26,0.0111111111111111,0.4433333333333333,2.3044444444444445,6.404444444444445,0.0,0.0,13.066666666666666,0.0233333333333333,0.0088888888888888,0.1855555555555555,0.0,3.88,0.0,4.081111111111111,6.785555555555556,0.0066666666666666,0.0,1.2555555555555555,0.0,0.0555555555555555,4.825555555555556,1.6088888888888888,0.0,0.0188888888888888,0.0122222222222222,0.0,0.0,0.0,0.0,0.0111111111111111,0.0,0.0,0.0,0.0,0.9966666666666668,0.0,0.0,0.0011111111111111,0.0,0.0,0.0,0.0,0.0011111111111111,0.0311111111111111,0.0,0.0,0.0,0.3755555555555555,0.0,0.0,0.0,0.0,0.0,0.0,0.0511111111111111,0.0,0.0077777777777777,0.0,0.0,0.0011111111111111,0.0566666666666666,0.0,0.0,0.0,0.0,0.0,0.0,0.0,0.8466666666666667,0.0033333333333333,0.0,0.0,0.0,0.0,0.6,0.0,2.7744444444444443,0.0033333333333333,0.0,0.0011111111111111,0.4977777777777777,0.0,0.0,0.01,0.0,0.0044444444444444,0.4455555555555555,0.0,0.0088888888888888,0.0688888888888888,0.0933333333333333,0.0822222222222222,0.0011111111111111,0.0,0.0055555555555555,0.0444444444444444,0.0,0.0066666666666666,0.01,0.1411111111111111,0.0,0.0488888888888888,0.0822222222222222,0.0022222222222222,0.0044444444444444,0.0,0.1144444444444444,0.0966666666666666,0.0,0.0,0.0,0.0,0.0111111111111111,0.0011111111111111,0.0011111111111111,0.0,0.9922222222222222,0.8088888888888889,0.9611111111111112,0.1522222222222222,0.0566666666666666,0.0044444444444444,0.0,0.0,0.0555555555555555,0.1955555555555555,0.0877777777777777,0.0,0.0011111111111111,0.0011111111111111,0.0,0.0,0.0111111111111111,0.0,0.0411111111111111,0.0,0.0,0.58,0.3155555555555555,0.0022222222222222,0.2722222222222222,0.0,0.5755555555555556,0.0,0.0,0.0,0.0022222222222222,0.0,0.0,0.0,0.0,0.0,0.0,0.1911111111111111,0.0,0.1333333333333333,0.0,0.0,0.0,0.0,0.0,0.0,0.0,0.0,0.0,0.0,0.0,0.0,0.0,0.0,0.0,0.0,0.0,0.0,0.0,0.0,0.0,0.0,0.0
comp_4,0.0,0.0,0.9133333333333332,1.1477777777777778,0.0888888888888888,3.3833333333333333,0.0011111111111111,0.0288888888888888,1.65,6.512222222222222,2.58,8.113333333333333,0.5322222222222223,2.895555555555556,0.0011111111111111,0.0011111111111111,0.0666666666666666,0.2877777777777778,0.01,0.1455555555555555,6.282222222222222,4.495555555555556,0.0,0.0,12.336666666666666,0.0377777777777777,0.0,0.3988888888888889,0.0388888888888888,2.948888888888889,0.0,3.7911111111111113,7.23,0.16,0.0,1.1566666666666667,0.0,0.0,4.092222222222222,1.6622222222222225,0.0,0.0033333333333333,0.0088888888888888,0.0022222222222222,0.0022222222222222,0.0,0.0,0.0055555555555555,0.0033333333333333,0.0,0.0,0.0,0.9977777777777778,0.0,0.0,0.0044444444444444,0.0,0.0033333333333333,0.0,0.0,0.0011111111111111,0.0733333333333333,0.0022222222222222,0.0,0.0,0.5244444444444445,0.0,0.0,0.0022222222222222,0.0,0.0,0.0,0.0022222222222222,0.0,0.0044444444444444,0.0,0.0,0.0255555555555555,0.0577777777777777,0.0,0.0,0.0,0.0,0.0,0.0,0.0,0.8644444444444445,0.0011111111111111,0.0055555555555555,0.0,0.0,0.0,0.4233333333333333,0.0,2.825555555555556,0.0022222222222222,0.0,0.0,0.4211111111111111,0.0,0.0011111111111111,0.0022222222222222,0.0,0.0,0.3811111111111111,0.01,0.0166666666666666,0.0422222222222222,0.0488888888888888,0.1344444444444444,0.0,0.0011111111111111,0.0033333333333333,0.0188888888888888,0.0022222222222222,0.0655555555555555,0.5833333333333334,0.1811111111111111,0.0011111111111111,0.08,0.2066666666666666,0.0011111111111111,0.0688888888888888,0.0,0.0555555555555555,0.0177777777777777,0.0,0.0,0.0,0.0,0.0033333333333333,0.0,0.0,0.0,0.9811111111111112,0.6344444444444445,1.0355555555555556,0.2233333333333333,0.01,0.0022222222222222,0.0,0.1144444444444444,0.0033333333333333,0.0566666666666666,0.0588888888888888,0.0,0.0,0.0033333333333333,0.0,0.0,0.0,0.0,0.0366666666666666,0.0311111111111111,0.0055555555555555,0.2855555555555555,0.1,0.0022222222222222,0.1533333333333333,0.0,0.6444444444444445,0.0,0.0,0.0066666666666666,0.0133333333333333,0.0166666666666666,0.0166666666666666,0.0,0.0033333333333333,0.0011111111111111,0.0,0.24,0.0,0.12,0.0077777777777777,0.0,0.0,0.0,0.0,0.0,0.0,0.0,0.0,0.0,0.0,0.0,0.0,0.0,0.0,0.0,0.0,0.0,0.0,0.0,0.0011111111111111,0.0,0.0
comp_4,0.0,0.0,1.0611111111111111,1.48,0.0011111111111111,3.7066666666666666,0.0,1.7133333333333334,1.5544444444444443,7.081111111111111,4.394444444444445,8.16,1.3177777777777775,2.361111111111111,0.0,0.0011111111111111,0.0066666666666666,0.2511111111111111,0.0,0.35,2.066666666666667,10.39,0.0,0.0,12.852222222222222,0.0,0.0077777777777777,0.31,0.0,4.212222222222223,0.0,5.36,4.795555555555556,1.6966666666666668,0.0,0.2133333333333333,0.0,0.0211111111111111,4.852222222222222,1.6588888888888889,0.0,0.0022222222222222,0.01,0.0077777777777777,0.0,0.0,0.0,0.0233333333333333,0.0,0.0,0.0,0.0,0.9888888888888888,0.0022222222222222,0.0,0.3088888888888889,0.0,0.0,0.0,0.0,0.0,0.0055555555555555,0.0022222222222222,0.0,0.0,0.5144444444444445,0.0,0.0,0.0,0.0,0.0,0.0,0.0388888888888888,0.0,0.0055555555555555,0.0,0.0,0.0166666666666666,0.0222222222222222,0.0044444444444444,0.0,0.0,0.0,0.0,0.0,0.0,0.8488888888888889,0.0,0.0,0.0,0.0,0.0,0.4211111111111111,0.0,2.9044444444444446,0.01,0.0,0.0,0.19,0.0,0.0,0.0088888888888888,0.0,0.3366666666666666,0.3155555555555555,0.0,0.0011111111111111,0.0522222222222222,0.1355555555555555,0.1788888888888888,0.0,0.0,0.0,0.07,0.0,0.0044444444444444,0.0044444444444444,0.1611111111111111,0.0,0.0255555555555555,0.16,0.0,0.3833333333333333,0.0,0.1077777777777777,0.0111111111111111,0.0,0.0,0.0,0.0,0.0088888888888888,0.0,0.4455555555555555,0.0011111111111111,0.9122222222222224,0.8244444444444444,1.0144444444444445,0.3844444444444444,0.0111111111111111,0.0,0.0,0.0033333333333333,0.0,0.0,0.0177777777777777,0.0,0.0,0.0,0.0,0.0,0.0,0.0,0.0422222222222222,0.0,0.0,0.0022222222222222,0.0944444444444444,0.0022222222222222,0.5277777777777778,0.0,0.3244444444444444,0.0,0.0033333333333333,0.0033333333333333,0.0555555555555555,0.0022222222222222,0.0222222222222222,0.0,0.0,0.0,0.0,0.0755555555555555,0.0,0.3011111111111111,0.0,0.0,0.0,0.0,0.0,0.0,0.0,0.0,0.0,0.0,0.0,0.0,0.0,0.0,0.0,0.0,0.0,0.0,0.0,0.0,0.0,0.0,0.0
comp_40,0.0,0.0,1.2033333333333334,0.4277777777777777,0.0,4.173333333333333,0.0,0.6311111111111111,1.3477777777777775,4.761111111111111,1.002222222222222,8.996666666666666,0.0244444444444444,3.921111111111111,0.0,0.0,0.0,0.2288888888888889,0.0,0.0,4.126666666666667,2.835555555555556,0.0,0.0,7.218888888888888,0.0,0.0,0.0,0.0,0.9855555555555556,0.0,4.418888888888889,6.623333333333333,0.0,0.0,0.4944444444444444,0.0,0.0,2.975555555555556,1.4177777777777778,0.0,0.0055555555555555,0.0011111111111111,0.0044444444444444,0.0,0.0,0.0,0.0,0.0,0.0,0.0,0.0,0.9977777777777778,0.0,0.8555555555555555,0.0,0.0,0.0,0.0,0.0,0.0,0.55,0.0,0.0,0.0,0.0,0.0,0.0,0.0,0.0,0.0,0.0,0.0,0.0,0.0,0.0,0.0,0.3522222222222222,0.0,0.0,0.0,0.0122222222222222,0.0,0.0,0.0,0.0,0.8633333333333333,0.0,0.0,0.0,0.0,0.0,0.1488888888888888,0.0,0.2266666666666666,0.0022222222222222,0.0,0.0,0.2233333333333333,0.0,0.0,0.0044444444444444,0.0,0.0666666666666666,0.3544444444444444,0.0022222222222222,0.0022222222222222,0.0366666666666666,0.0166666666666666,0.0366666666666666,0.0,0.0,0.0,0.0322222222222222,0.0,0.0,0.0144444444444444,0.1388888888888889,0.0,0.0255555555555555,0.0,0.0044444444444444,0.0,0.0,0.0777777777777777,0.0,0.0,0.0,0.0,0.0,0.0311111111111111,0.0,0.0122222222222222,0.0,0.5744444444444444,0.6466666666666666,1.022222222222222,0.0211111111111111,0.0,0.0,0.0,0.08,0.0,0.0,0.0011111111111111,0.0,0.0,0.0,0.0,0.0,0.0,0.0,0.0055555555555555,0.0,0.0,0.0977777777777777,0.02,0.0,0.5322222222222223,0.0,0.0066666666666666,0.0,0.0,0.0022222222222222,0.0188888888888888,0.0122222222222222,0.01,0.0,0.0,0.0,0.0,0.1222222222222222,0.0,0.3644444444444444,0.0,0.0,0.0,0.0,0.0,0.0,0.0,0.0,0.0,0.0,0.0,0.0,0.0,0.0,0.0,0.0,0.0,0.0,0.0,0.0,0.0,0.0,0.0
comp_40,0.0,0.0,0.9655555555555556,0.4322222222222222,0.0,3.954444444444445,0.0,2.061111111111111,1.3877777777777778,6.748888888888889,1.0255555555555556,9.766666666666667,0.0022222222222222,1.8966666666666667,0.0,0.0,0.0,0.0866666666666666,0.0022222222222222,0.0,4.133333333333334,5.178888888888889,0.0,0.0,7.707777777777777,0.0,0.0,0.0,0.0,3.352222222222222,0.0,5.358888888888889,5.1,0.0,0.0,0.9577777777777776,0.0,0.0,3.381111111111111,1.2566666666666666,0.0,0.0133333333333333,0.0,0.0011111111111111,0.0,0.0,0.0,0.0,0.0,0.0,0.0,0.0,0.9944444444444444,0.0,0.0233333333333333,0.0,0.0,0.0,0.0,0.0,0.0,0.1577777777777777,0.0,0.0,0.0,0.0266666666666666,0.0,0.0,0.0,0.0,0.0,0.0,0.0,0.0,0.0,0.0,0.0,0.0688888888888888,0.0,0.0,0.0,0.0477777777777777,0.0,0.0,0.0,0.0,0.8822222222222222,0.0,0.0,0.0,0.0,0.0,0.5255555555555556,0.0,0.3211111111111111,0.0055555555555555,0.0,0.0,0.0533333333333333,0.0011111111111111,0.0,0.0,0.0,0.2511111111111111,0.2255555555555555,0.0,0.0,0.0422222222222222,0.0044444444444444,0.13,0.0,0.0,0.0,0.0022222222222222,0.0,0.0,0.0077777777777777,0.3577777777777777,0.0,0.0155555555555555,0.0,0.0033333333333333,0.0,0.0,0.0,0.0,0.0,0.0,0.0,0.0,0.0055555555555555,0.0,0.0155555555555555,0.0,0.3244444444444444,0.6711111111111111,1.04,0.0022222222222222,0.0,0.0,0.0,0.0,0.0233333333333333,0.0,0.0033333333333333,0.0,0.0,0.0,0.0,0.0,0.0,0.0,0.0,0.0,0.0,0.61,0.0066666666666666,0.0,0.9933333333333332,0.0,0.0011111111111111,0.0,0.0,0.0,0.0422222222222222,0.0,0.0011111111111111,0.0,0.0,0.0,0.0,0.1,0.0,0.5422222222222223,0.0,0.0,0.0,0.0,0.0,0.0,0.0,0.0,0.0,0.0,0.0,0.0,0.0,0.0,0.0,0.0,0.0,0.0,0.0,0.0,0.0,0.0,0.0
comp_40,0.0,0.0,1.3111111111111111,0.7633333333333333,0.0,3.635555555555555,0.0,0.8533333333333334,1.4955555555555555,7.411111111111111,2.7155555555555555,9.003333333333334,0.0044444444444444,1.7833333333333334,0.0,0.0,0.0,0.2033333333333333,0.1022222222222222,0.0,3.418888888888889,5.372222222222222,0.0,0.0,7.297777777777778,0.0,0.0,0.0,0.0,0.6733333333333333,0.0,4.148888888888889,6.503333333333333,0.0,0.0,1.2744444444444445,0.0,0.0,3.486666666666667,1.2333333333333334,0.0,0.0288888888888888,0.0,0.0,0.0,0.0,0.0,0.0,0.0,0.0,0.0,0.0,0.9811111111111112,0.0,0.07,0.0,0.0,0.0,0.0,0.0,0.0,0.7033333333333334,0.0,0.0,0.0,0.0255555555555555,0.0,0.0,0.0,0.0,0.0,0.0,0.0,0.0,0.0,0.0,0.0,0.2666666666666666,0.0,0.0,0.0,0.0022222222222222,0.0,0.0,0.0,0.0,0.9055555555555556,0.0,0.0,0.0,0.0,0.0,0.0533333333333333,0.0,0.1533333333333333,0.0177777777777777,0.0,0.0,0.1122222222222222,0.0,0.0,0.0055555555555555,0.0,0.0011111111111111,0.1377777777777777,0.0,0.0,0.0688888888888888,0.0011111111111111,0.1822222222222222,0.0,0.0,0.0,0.0033333333333333,0.0133333333333333,0.0,0.0177777777777777,0.3188888888888889,0.0,0.02,0.0,0.0044444444444444,0.0,0.0,0.0,0.0,0.0,0.0,0.0,0.0,0.0088888888888888,0.0,0.0055555555555555,0.0,0.4055555555555555,0.7777777777777778,0.9088888888888887,0.0066666666666666,0.0,0.0,0.0,0.0033333333333333,0.0511111111111111,0.0,0.02,0.0,0.0,0.0,0.0,0.0011111111111111,0.0,0.0,0.0,0.0,0.0,0.17,0.0,0.0,0.9855555555555556,0.0,0.0,0.0,0.0,0.0,0.0088888888888888,0.0,0.01,0.0,0.0,0.0,0.0,0.2033333333333333,0.0,0.2911111111111111,0.0,0.0,0.0,0.0,0.0,0.0,0.0,0.0,0.0,0.0,0.0,0.0,0.0,0.0,0.0,0.0,0.0,0.0,0.0,0.0,0.0,0.0,0.0
comp_5,0.0,0.0,0.8811111111111111,1.1355555555555557,0.0,3.9611111111111112,0.0,0.48,1.5255555555555556,5.684444444444445,3.344444444444445,8.265555555555556,0.0555555555555555,1.8733333333333333,0.0,0.0022222222222222,0.0,0.0,0.0,0.0,2.778888888888889,4.62,0.0,0.0,12.12,0.0011111111111111,0.0,0.0,0.0,2.028888888888889,0.0,4.6433333333333335,6.547777777777778,0.0,0.0,2.4877777777777776,0.0,0.0,3.8255555555555554,1.6422222222222222,0.0077777777777777,0.0155555555555555,0.0077777777777777,0.0,0.0,0.0,0.0,0.0,0.0,0.0,0.0,0.0,0.9755555555555556,0.0,0.0066666666666666,0.0,0.0,0.0,0.0,0.0,0.0,0.0,0.0,0.0,0.0,0.0,0.0,0.0,0.0,0.0,0.0,0.0,0.0133333333333333,0.0,0.0,0.0,0.0,0.0,0.0,0.0,0.0,0.0,0.0,0.0,0.0,0.0,0.8888888888888888,0.0,0.0,0.0,0.0,0.0,0.0,0.0,1.758888888888889,0.0233333333333333,0.0,0.0,0.0888888888888888,0.0,0.0,0.02,0.0,0.1188888888888888,0.1944444444444444,0.0,0.0,0.1055555555555555,0.0166666666666666,0.1444444444444444,0.0,0.0,0.0,0.0,0.0,0.0,0.0333333333333333,0.1622222222222222,0.0,0.0211111111111111,0.0,0.0,0.0011111111111111,0.0,0.0011111111111111,0.0022222222222222,0.0,0.0,0.0,0.0,0.0044444444444444,0.0,0.0455555555555555,0.0011111111111111,0.6311111111111111,0.89,0.9022222222222224,0.0277777777777777,0.0,0.0,0.0,0.0,0.0,0.0,0.0011111111111111,0.0,0.0,0.0,0.0,0.0011111111111111,0.0,0.0,0.0044444444444444,0.0,0.0,0.06,0.0233333333333333,0.0,0.9966666666666668,0.0,0.0,0.0,0.0,0.0,0.0,0.0,0.0,0.0,0.0,0.0,0.0,0.2144444444444444,0.0,0.3422222222222222,0.0,0.0,0.0,0.0,0.0,0.0,0.0,0.0,0.0,0.0,0.0,0.0,0.0,0.0,0.0,0.0,0.0,0.0,0.0,0.0,0.0,0.0,0.0
comp_5,0.0,0.0,1.1611111111111112,1.268888888888889,0.0,4.206666666666667,0.0,0.4444444444444444,1.691111111111111,7.057777777777778,2.5477777777777777,7.451111111111111,0.0955555555555555,1.9755555555555555,0.0,0.0,0.0,0.0022222222222222,0.0,0.0,2.6666666666666665,4.43,0.0,0.0,12.815555555555555,0.0388888888888888,0.0,0.0,0.0,1.6888888888888889,0.0,4.2988888888888885,6.664444444444444,0.0,0.0,1.6322222222222222,0.0,0.0,3.002222222222222,1.6488888888888888,0.0022222222222222,0.01,0.0055555555555555,0.0,0.0,0.0,0.0,0.0,0.0,0.0,0.0,0.0,0.9888888888888888,0.0,0.0,0.0,0.0,0.0,0.0,0.0,0.0,0.0,0.0,0.0,0.0,0.0,0.0,0.0,0.0,0.0,0.0,0.0,0.0188888888888888,0.0,0.0,0.0,0.0,0.0,0.0,0.0,0.0,0.0,0.0,0.0,0.0,0.0,0.8488888888888889,0.0,0.0,0.0,0.0,0.0,0.0,0.0,1.69,0.0066666666666666,0.0,0.0,0.3055555555555556,0.0,0.0,0.0166666666666666,0.0,0.4355555555555555,0.3577777777777777,0.0,0.0,0.0788888888888888,0.0011111111111111,0.0566666666666666,0.0,0.0,0.0,0.0,0.0,0.0,0.0222222222222222,0.1266666666666666,0.0,0.0511111111111111,0.0,0.0033333333333333,0.0,0.0,0.0133333333333333,0.0155555555555555,0.0,0.0,0.0,0.0,0.0188888888888888,0.0,0.0,0.0,0.3377777777777778,0.8144444444444444,0.9855555555555556,0.1366666666666666,0.0,0.0,0.0,0.0,0.0,0.0,0.0,0.0,0.0011111111111111,0.0,0.0,0.0033333333333333,0.0,0.0,0.0022222222222222,0.0,0.0,0.0811111111111111,0.0555555555555555,0.0,1.0,0.0,0.0,0.0,0.0,0.0,0.0133333333333333,0.0,0.0,0.0,0.0,0.0,0.0,0.2433333333333333,0.0,0.2433333333333333,0.0,0.0,0.0,0.0,0.0,0.0,0.0,0.0,0.0,0.0,0.0,0.0,0.0,0.0,0.0,0.0,0.0,0.0,0.0,0.0,0.0,0.0,0.0
comp_5,0.0055555555555555,0.0,0.0155555555555555,0.5722222222222222,0.0,2.8022222222222224,0.0,0.0444444444444444,1.2155555555555555,4.611111111111111,0.5522222222222222,9.088888888888889,0.1066666666666666,3.9244444444444446,0.0,0.0,0.0,0.1255555555555555,0.0,0.1166666666666666,3.874444444444445,2.4344444444444444,0.0,0.0,5.573333333333333,0.0033333333333333,0.0,0.0,0.0,1.3788888888888888,0.0,3.902222222222222,7.055555555555555,0.0088888888888888,0.0,2.227777777777778,0.0,0.0,3.635555555555555,0.4377777777777777,0.0,0.0055555555555555,0.0,0.0055555555555555,0.0011111111111111,0.0,0.0,0.0022222222222222,0.0,0.0,0.0,0.0,0.9922222222222222,0.0077777777777777,0.4944444444444444,0.0,0.0,0.0011111111111111,0.0,0.0,0.0022222222222222,0.0066666666666666,0.0,0.0,0.0,0.0,0.0,0.0,0.0,0.0,0.0,0.0,0.0066666666666666,0.0,0.0,0.0,0.0,0.0,0.0,0.0,0.0,0.0,0.0,0.0,0.0,0.0,0.8,0.0,0.0,0.0,0.0,0.0,0.0,0.0,1.73,0.0066666666666666,0.0,0.0,0.0088888888888888,0.0,0.0,0.0044444444444444,0.0,0.01,0.5588888888888889,0.0044444444444444,0.0055555555555555,0.0377777777777777,0.01,0.0422222222222222,0.0,0.0,0.0,0.0055555555555555,0.0066666666666666,0.0,0.0211111111111111,0.1311111111111111,0.0,0.0011111111111111,0.0,0.0,0.0266666666666666,0.0,0.1322222222222222,0.0,0.0066666666666666,0.0,0.0,0.0,0.0044444444444444,0.0,0.0,0.0,0.7844444444444445,0.63,1.0533333333333332,0.0077777777777777,0.0011111111111111,0.0,0.0,0.1122222222222222,0.0,0.1144444444444444,0.0,0.0,0.0,0.0,0.0,0.0,0.0,0.0,0.0,0.0,0.0,0.27,0.0,0.0055555555555555,0.52,0.0,0.0244444444444444,0.0,0.0,0.0022222222222222,0.2111111111111111,0.04,0.0188888888888888,0.0,0.0,0.0,0.0,0.2255555555555555,0.0,0.0,0.0,0.0,0.0,0.0,0.0,0.0,0.0,0.0,0.0,0.0,0.0,0.0,0.0,0.0,0.0,0.0,0.0,0.0,0.0,0.0,0.0,0.0,0.0
comp_6,0.0,0.0,0.9822222222222222,1.7044444444444444,0.0,3.645555555555556,0.0,0.6733333333333333,1.4055555555555554,3.457777777777778,4.247777777777777,7.872222222222222,0.26,1.39,0.0,0.0,0.0,0.0,0.0333333333333333,0.0,2.665555555555556,4.754444444444444,0.0,0.0,10.053333333333333,0.0,0.0,0.0,0.3122222222222222,2.3633333333333333,0.0,4.504444444444444,6.802222222222222,0.0,0.0,1.3544444444444443,0.0,0.0,3.5,1.531111111111111,0.0,0.16,0.0133333333333333,0.0011111111111111,0.0,0.0,0.0,0.1011111111111111,0.0,0.0,0.0,0.0111111111111111,0.9922222222222222,0.0,0.0022222222222222,0.0033333333333333,0.0,0.0,0.0,0.0,0.0111111111111111,0.0,0.0011111111111111,0.12,0.0,0.0,0.0,0.0,0.0,0.0,0.0,0.0044444444444444,0.1133333333333333,0.0,0.0022222222222222,0.0988888888888888,0.0,0.0,0.0,0.0,0.0,0.0,0.0,0.0,0.0,0.0,0.8544444444444445,0.0,0.0,0.0,0.0,0.0788888888888888,0.0,0.0,1.5455555555555556,0.6622222222222223,0.0,0.0,0.0722222222222222,0.0,0.0,0.0222222222222222,0.0,0.0033333333333333,0.3477777777777778,0.0011111111111111,0.0,0.0411111111111111,0.0311111111111111,0.0922222222222222,0.0,0.0,0.0,0.0,0.0,0.0,0.0122222222222222,0.1388888888888889,0.0,0.0011111111111111,0.0622222222222222,0.0011111111111111,0.0,0.0,0.0,0.0022222222222222,0.0,0.0,0.0,0.0,0.0088888888888888,0.0,0.0,0.0,0.58,0.9744444444444444,0.8822222222222222,0.1077777777777777,0.0,0.0,0.0,0.0,0.03,0.0,0.0088888888888888,0.0,0.0,0.0,0.0,0.0055555555555555,0.0,0.0,0.0133333333333333,0.0,0.0,0.4922222222222222,0.0077777777777777,0.0,0.0,0.0,0.0,0.0,0.0,0.0755555555555555,0.0,0.0022222222222222,0.0,0.0,0.0,0.0,0.0,0.1188888888888888,0.0,0.3977777777777778,0.0,0.0,0.0,0.0,0.0,0.0,0.0,0.0,0.0,0.0,0.0,0.0,0.0,0.0,0.0,0.0,0.0,0.0,0.0,0.0,0.0,0.0,0.0
comp_6,0.0088888888888888,0.0,0.7744444444444445,1.2022222222222223,0.0,3.562222222222222,0.0,0.5566666666666666,1.4,3.1911111111111112,1.941111111111111,8.17,0.2266666666666666,1.5533333333333332,0.0,0.0077777777777777,0.0,0.0622222222222222,0.0055555555555555,0.0,3.0044444444444443,4.576666666666667,0.0,0.0,11.137777777777778,0.07,0.0,0.0133333333333333,0.4922222222222222,2.283333333333333,0.0,5.133333333333334,6.203333333333333,0.0,0.0,0.2555555555555555,0.0,0.0,3.597777777777778,1.262222222222222,0.0011111111111111,0.1633333333333333,0.03,0.0,0.0,0.0022222222222222,0.0,0.0433333333333333,0.0,0.0,0.0,0.0177777777777777,0.9677777777777776,0.0,0.0088888888888888,0.0255555555555555,0.0,0.04,0.0,0.0022222222222222,0.0422222222222222,0.0033333333333333,0.0033333333333333,0.1766666666666666,0.0,0.0,0.0,0.0,0.0,0.0,0.0,0.0011111111111111,0.1888888888888888,0.0,0.0044444444444444,0.0722222222222222,0.0044444444444444,0.0,0.0,0.0,0.0,0.0,0.0,0.0,0.0,0.0,0.8544444444444445,0.0,0.0033333333333333,0.0,0.0,0.1233333333333333,0.0,0.0,1.5133333333333334,0.6811111111111111,0.0,0.0,0.1522222222222222,0.0,0.0,0.0066666666666666,0.0,0.0666666666666666,0.2333333333333333,0.0,0.0,0.0555555555555555,0.0711111111111111,0.1788888888888888,0.0,0.0,0.0,0.0022222222222222,0.0,0.0,0.0111111111111111,0.0511111111111111,0.0,0.1177777777777777,0.0255555555555555,0.0033333333333333,0.0,0.0,0.0,0.0088888888888888,0.0,0.0,0.0,0.0,0.0111111111111111,0.0,0.1177777777777777,0.0011111111111111,0.4655555555555555,0.75,1.068888888888889,0.0744444444444444,0.0,0.0,0.0,0.1044444444444444,0.0277777777777777,0.0,0.0244444444444444,0.0,0.0011111111111111,0.0,0.0,0.0,0.0,0.0,0.0066666666666666,0.0,0.0,0.1233333333333333,0.0555555555555555,0.0,0.0,0.0,0.0,0.0,0.0,0.1033333333333333,0.1033333333333333,0.0033333333333333,0.0077777777777777,0.0,0.0,0.0,0.0044444444444444,0.1155555555555555,0.0,0.2744444444444444,0.0,0.0,0.0,0.0,0.0,0.0,0.0,0.0,0.0,0.0,0.0,0.0,0.0,0.0,0.0,0.0,0.0,0.0,0.0,0.0,0.0,0.0,0.0
comp_6,0.0,0.0,0.8644444444444445,1.6377777777777778,0.0,4.255555555555556,0.0,0.5,1.5555555555555556,3.1422222222222222,2.3633333333333333,8.633333333333333,0.2655555555555555,1.3022222222222222,0.0,0.0033333333333333,0.0,0.0,0.0255555555555555,0.0,2.828888888888889,4.89,0.0,0.0,12.133333333333333,0.0022222222222222,0.0,0.0033333333333333,0.0988888888888888,1.643333333333333,0.0,4.796666666666667,5.584444444444444,0.0,0.0,1.6744444444444444,0.0,0.0,3.6066666666666665,1.6377777777777778,0.0,0.15,0.0033333333333333,0.0,0.0,0.0,0.0,0.0122222222222222,0.0,0.0,0.0,0.0188888888888888,0.9988888888888888,0.0,0.0,0.0055555555555555,0.0,0.0,0.0,0.0,0.0188888888888888,0.0,0.0033333333333333,0.19,0.0,0.0,0.0,0.0,0.0,0.0,0.0,0.0055555555555555,0.1111111111111111,0.0,0.0033333333333333,0.0788888888888888,0.0,0.0,0.0,0.0,0.0,0.0,0.0,0.0,0.0,0.0,0.9133333333333332,0.0011111111111111,0.0,0.0,0.0,0.0255555555555555,0.0,0.0,1.4477777777777778,0.7666666666666667,0.0,0.0,0.1166666666666666,0.0,0.0,0.0122222222222222,0.0,0.15,0.2111111111111111,0.0,0.0188888888888888,0.0388888888888888,0.0822222222222222,0.0433333333333333,0.0,0.0,0.0,0.0,0.0,0.0,0.0166666666666666,0.6,0.0,0.0233333333333333,0.0277777777777777,0.0022222222222222,0.0,0.0,0.0,0.0033333333333333,0.0,0.0,0.0,0.0,0.0133333333333333,0.0,0.02,0.0011111111111111,0.4044444444444444,0.8355555555555556,0.9711111111111111,0.08,0.0,0.0,0.0,0.0,0.0266666666666666,0.0,0.01,0.0,0.0,0.0,0.0,0.0022222222222222,0.0,0.0,0.0155555555555555,0.0,0.0,0.2622222222222222,0.0522222222222222,0.0,0.0,0.0,0.0,0.0,0.0,0.0733333333333333,0.0111111111111111,0.0055555555555555,0.0377777777777777,0.0,0.0,0.0,0.0,0.0611111111111111,0.0,0.3344444444444444,0.0,0.0,0.0,0.0,0.0,0.0,0.0,0.0,0.0,0.0,0.0,0.0,0.0,0.0,0.0,0.0,0.0,0.0,0.0,0.0,0.0,0.0,0.0
comp_7,0.0,0.0,0.9811111111111112,1.5322222222222222,0.0022222222222222,3.9522222222222223,0.0,0.1688888888888889,1.431111111111111,7.345555555555555,1.1511111111111112,8.086666666666666,1.0066666666666666,2.1644444444444444,0.0,0.0,0.0,0.0,0.0011111111111111,0.0,1.951111111111111,6.821111111111111,0.0,0.0,10.77777777777778,0.0,0.0,0.3655555555555556,0.0,1.4466666666666668,0.0,5.046666666666667,6.628888888888889,0.0,0.0,1.6388888888888888,0.0,0.0,3.5722222222222224,1.7044444444444444,0.0,0.0044444444444444,0.0211111111111111,0.0011111111111111,0.0,0.0,0.0,0.0055555555555555,0.0,0.0,0.0,0.0,0.9822222222222222,0.0,0.0,0.0,0.0,0.0,0.0,0.0,0.0,0.0,0.0022222222222222,0.0,0.0,0.0,0.0,0.0,0.0,0.0,0.0,0.0,0.0,0.0,0.0111111111111111,0.0,0.0,0.0,0.0,0.0,0.0,0.0,0.0,0.0,0.0,0.0,0.88,0.0,0.0,0.0,0.0,0.0,0.0,0.0,2.006666666666667,0.0155555555555555,0.0,0.0,0.2555555555555555,0.0,0.0,0.0066666666666666,0.0,0.0188888888888888,0.2011111111111111,0.0,0.0,0.0688888888888888,0.1077777777777777,0.1522222222222222,0.0,0.0,0.0,0.0,0.0,0.0,0.0122222222222222,0.0711111111111111,0.0,0.0177777777777777,0.1033333333333333,0.0,0.0,0.0,0.0,0.0088888888888888,0.0,0.0,0.0,0.0,0.0055555555555555,0.0,0.0011111111111111,0.0,0.9944444444444444,0.7366666666666667,0.9666666666666668,0.1922222222222222,0.0,0.0,0.0,0.0,0.01,0.0,0.0344444444444444,0.0,0.0,0.0,0.0,0.0077777777777777,0.0,0.0,0.0088888888888888,0.0,0.0,0.2811111111111111,0.0711111111111111,0.0,0.3777777777777777,0.0,0.5044444444444445,0.0,0.0,0.0055555555555555,0.0466666666666666,0.0011111111111111,0.0433333333333333,0.0,0.0,0.0,0.0,0.13,0.0,0.41,0.0,0.0,0.0,0.0,0.0,0.0,0.0,0.0,0.0,0.0,0.0,0.0,0.0,0.0,0.0,0.0,0.0,0.0,0.0,0.0,0.0,0.0,0.0
comp_7,0.0,0.0055555555555555,1.08,1.931111111111111,0.0,4.573333333333333,0.0,0.15,1.4755555555555555,8.572222222222223,4.05,7.761111111111111,0.7988888888888889,2.066666666666667,0.0,0.0,0.27,0.0,0.0055555555555555,0.0,1.8988888888888888,6.552222222222222,0.0,0.0,13.141111111111112,0.0,0.0,0.4255555555555556,0.0011111111111111,2.6622222222222223,0.0,5.402222222222222,6.861111111111111,0.0,0.0,1.2655555555555555,0.0,0.0011111111111111,2.962222222222222,1.606666666666667,0.0,0.0055555555555555,0.0633333333333333,0.0022222222222222,0.0,0.0,0.0,0.0144444444444444,0.0,0.0,0.0,0.0,0.9588888888888888,0.0,0.0,0.0,0.0,0.0,0.0,0.0,0.0,0.0,0.0,0.0,0.0,0.0,0.0,0.0,0.0,0.0,0.0,0.0,0.0,0.0,0.0133333333333333,0.0,0.0,0.0,0.0,0.0,0.0,0.0,0.0,0.0,0.0,0.0,0.8733333333333333,0.0,0.0,0.0,0.0,0.0,0.0,0.0,1.9966666666666664,0.0366666666666666,0.0,0.0,0.2533333333333333,0.0,0.0,0.01,0.0,0.1522222222222222,0.2533333333333333,0.0,0.0,0.0977777777777777,0.0766666666666666,0.06,0.0,0.0,0.01,0.0,0.0,0.0,0.0122222222222222,0.0477777777777777,0.0,0.0055555555555555,0.0644444444444444,0.0,0.0,0.0,0.0,0.0144444444444444,0.0,0.0,0.0,0.0,0.0122222222222222,0.0,0.0077777777777777,0.0,0.9566666666666668,0.9877777777777778,1.0066666666666666,0.1677777777777777,0.0,0.0222222222222222,0.0,0.0,0.01,0.0,0.0311111111111111,0.0,0.0,0.0,0.0,0.0177777777777777,0.0,0.0,0.0222222222222222,0.0,0.0066666666666666,0.2655555555555555,0.2844444444444444,0.0,0.4711111111111111,0.0,0.4422222222222222,0.0,0.0,0.0044444444444444,0.0,0.0,0.0,0.0,0.0,0.0,0.0,0.1233333333333333,0.0,0.3411111111111111,0.0,0.0,0.0,0.0,0.0,0.0,0.0,0.0,0.0,0.0,0.0,0.0,0.0,0.0,0.0,0.0,0.0,0.0,0.0,0.0,0.0,0.0,0.0
comp_7,0.0,0.0,0.9733333333333334,1.3433333333333333,0.0,4.113333333333333,0.0,0.43,1.45,8.925555555555556,0.7766666666666666,8.47888888888889,0.9122222222222224,2.39,0.0,0.0,0.14,0.0688888888888888,0.04,0.0,2.525555555555556,9.042222222222222,0.0,0.0,11.922222222222222,0.0,0.0,0.1488888888888888,0.0,2.562222222222222,0.0,6.294444444444444,5.085555555555556,0.0,0.0,1.8288888888888888,0.0,0.0,4.047777777777778,1.1155555555555556,0.0,0.0088888888888888,0.0711111111111111,0.0133333333333333,0.0,0.0011111111111111,0.0,0.0444444444444444,0.0,0.0,0.0,0.0,0.9877777777777778,0.0,0.0,0.2144444444444444,0.0,0.0,0.0,0.0,0.0,0.0,0.0022222222222222,0.0,0.0,0.0,0.0,0.0,0.0,0.0,0.0,0.0,0.0,0.0,0.0055555555555555,0.0,0.0,0.0,0.0,0.0,0.0,0.0,0.0,0.0,0.0,0.0,0.8511111111111112,0.0011111111111111,0.0,0.0,0.0,0.0,0.0,0.0,2.0277777777777777,0.0122222222222222,0.0,0.0,0.3255555555555555,0.0,0.0,0.0055555555555555,0.0,0.0122222222222222,0.1644444444444444,0.0,0.0,0.0455555555555555,0.1222222222222222,0.0744444444444444,0.0,0.0,0.0233333333333333,0.0,0.0033333333333333,0.0522222222222222,0.0055555555555555,0.4877777777777777,0.0,0.0122222222222222,0.0855555555555555,0.0,0.0055555555555555,0.0,0.0066666666666666,0.0122222222222222,0.0,0.0,0.0,0.0,0.0055555555555555,0.0,0.0,0.0,0.9722222222222222,0.6655555555555556,1.0666666666666669,0.1788888888888888,0.0,0.0133333333333333,0.0,0.0,0.0277777777777777,0.0,0.0444444444444444,0.0,0.0,0.0,0.0,0.0011111111111111,0.0,0.0,0.0155555555555555,0.0,0.0011111111111111,0.1544444444444444,0.0888888888888888,0.0,0.6755555555555556,0.0,0.2322222222222222,0.0,0.0,0.0,0.1677777777777777,0.0,0.0033333333333333,0.0,0.0,0.0,0.0,0.0644444444444444,0.0,0.4566666666666666,0.0,0.0,0.0,0.0,0.0,0.0,0.0,0.0,0.0,0.0,0.0,0.0,0.0,0.0,0.0,0.0,0.0,0.0,0.0,0.0,0.0,0.0,0.0
comp_8,0.0,0.0,0.9966666666666668,1.35,0.0,4.247777777777777,0.0,0.0655555555555555,1.5455555555555556,6.931111111111111,0.9055555555555556,7.863333333333333,0.07,1.7555555555555555,0.0,0.0,0.0,0.0,0.0166666666666666,0.0,2.827777777777778,5.0344444444444445,0.0,0.0,12.315555555555555,0.0,0.0,0.0,0.0,0.63,0.0,5.3244444444444445,6.34,0.0,0.0,2.1333333333333333,0.0,0.0,3.442222222222222,1.487777777777778,0.0,0.0044444444444444,0.0044444444444444,0.0,0.0,0.0,0.0,0.0,0.0,0.0,0.0,0.0,0.9766666666666668,0.0,0.0233333333333333,0.0,0.0,0.0022222222222222,0.0,0.0,0.0,0.0,0.0,0.0,0.0,0.0,0.0,0.0,0.0,0.0,0.0,0.0,0.0,0.0,0.0,0.0,0.0,0.0,0.0,0.0,0.0,0.0,0.0,0.0,0.0,0.0,0.8733333333333333,0.0,0.0,0.0,0.0,0.0,0.0,0.0,1.1244444444444444,0.0177777777777777,0.0,0.0,0.23,0.0,0.0,0.0133333333333333,0.0,0.0222222222222222,0.21,0.0,0.0,0.09,0.0044444444444444,0.1488888888888888,0.0,0.0,0.0,0.0,0.0055555555555555,0.0,0.0222222222222222,0.19,0.0,0.0066666666666666,0.0,0.0011111111111111,0.0,0.0,0.0011111111111111,0.0033333333333333,0.0,0.0,0.0,0.0,0.0088888888888888,0.0,0.0,0.0022222222222222,0.5911111111111111,0.75,1.0055555555555555,0.0233333333333333,0.0,0.0,0.0,0.0,0.0022222222222222,0.0,0.0055555555555555,0.0,0.0,0.0,0.0,0.01,0.0,0.0,0.0422222222222222,0.0,0.0,0.2866666666666667,0.0344444444444444,0.0,0.9922222222222222,0.0,0.0,0.0,0.0,0.0,0.0044444444444444,0.0,0.0111111111111111,0.0,0.0,0.0,0.0,0.1722222222222222,0.0,0.37,0.0,0.0,0.0,0.0,0.0,0.0,0.0,0.0,0.0,0.0,0.0,0.0,0.0,0.0,0.0,0.0,0.0,0.0,0.0,0.0,0.0,0.0,0.0
comp_8,0.0,0.0,0.9866666666666668,1.0277777777777777,0.0,4.038888888888889,0.0,0.5877777777777777,1.5977777777777775,6.201111111111112,2.1355555555555554,8.017777777777777,0.1833333333333333,1.867777777777777,0.0,0.0,0.0,0.0,0.0,0.0,3.1044444444444443,4.556666666666667,0.0,0.0,12.676666666666666,0.0033333333333333,0.0,0.0,0.0,1.4666666666666666,0.0,5.427777777777778,5.875555555555556,0.0,0.0,0.5211111111111111,0.0,0.0,3.8566666666666665,1.47,0.0,0.0088888888888888,0.0077777777777777,0.0,0.0,0.0,0.0,0.0,0.0,0.0,0.0,0.0,0.9833333333333332,0.0022222222222222,0.02,0.0,0.0,0.0,0.0,0.0,0.0,0.0,0.0,0.0,0.0,0.0,0.0,0.0,0.0,0.0,0.0,0.0,0.0,0.0,0.0,0.0,0.0,0.0,0.0,0.0,0.0,0.0,0.0,0.0,0.0,0.0,0.8844444444444445,0.0,0.0,0.0,0.0,0.0,0.0,0.0,1.1088888888888888,0.0122222222222222,0.0,0.0,0.2066666666666666,0.0,0.0,0.0044444444444444,0.0,0.1722222222222222,0.1622222222222222,0.0,0.0055555555555555,0.0611111111111111,0.0277777777777777,0.1488888888888888,0.0,0.0,0.0,0.0,0.0022222222222222,0.0,0.0255555555555555,0.4233333333333333,0.0,0.0188888888888888,0.0,0.0,0.0,0.0,0.0044444444444444,0.0044444444444444,0.0,0.0,0.0,0.0,0.0055555555555555,0.0,0.0011111111111111,0.0,0.4411111111111111,0.7155555555555555,1.0177777777777777,0.0966666666666666,0.0,0.0,0.0,0.0,0.0033333333333333,0.0,0.0288888888888888,0.0,0.0,0.0,0.0,0.0022222222222222,0.0,0.0,0.01,0.0,0.0,0.1588888888888888,0.0822222222222222,0.0,0.9788888888888888,0.0,0.0011111111111111,0.0,0.0,0.0,0.0366666666666666,0.0,0.0311111111111111,0.0,0.0,0.0,0.0,0.1611111111111111,0.0,0.4111111111111111,0.0,0.0,0.0,0.0,0.0,0.0,0.0,0.0,0.0,0.0,0.0,0.0,0.0,0.0,0.0,0.0,0.0,0.0,0.0,0.0,0.0,0.0,0.0
comp_8,0.0,0.0,0.9877777777777778,1.2533333333333334,0.0,3.918888888888889,0.0,0.3711111111111111,1.501111111111111,6.455555555555556,1.691111111111111,7.528888888888889,0.01,2.221111111111111,0.0,0.0,0.0,0.0,0.0,0.0,2.7133333333333334,4.5377777777777775,0.0,0.0,12.103333333333332,0.0,0.0,0.0,0.0,0.7977777777777778,0.0,4.96,6.417777777777777,0.0,0.0,1.8844444444444444,0.0,0.0,3.826666666666666,1.57,0.0,0.0066666666666666,0.0,0.0011111111111111,0.0,0.0,0.0,0.0,0.0,0.0,0.0,0.0,0.9777777777777776,0.0,0.08,0.0,0.0,0.0,0.0,0.0,0.0,0.0,0.0,0.0,0.0,0.0,0.0,0.0,0.0,0.0,0.0,0.0,0.0,0.0,0.0,0.0,0.0,0.0,0.0,0.0,0.0,0.0,0.0,0.0,0.0,0.0,0.8777777777777778,0.0,0.0,0.0,0.0,0.0,0.0,0.0,1.12,0.02,0.0,0.0,0.2655555555555555,0.0,0.0,0.0088888888888888,0.0,0.0333333333333333,0.1744444444444444,0.0,0.0144444444444444,0.0666666666666666,0.0066666666666666,0.0822222222222222,0.0,0.0,0.0,0.0,0.0,0.0,0.0211111111111111,0.9244444444444444,0.0,0.0077777777777777,0.0,0.0011111111111111,0.0,0.0,0.0,0.0044444444444444,0.0,0.0,0.0,0.0,0.0166666666666666,0.0,0.0,0.0011111111111111,0.6466666666666666,0.7344444444444445,0.9888888888888888,0.0011111111111111,0.0,0.0,0.0,0.0,0.0,0.0,0.0111111111111111,0.0,0.0,0.0,0.0,0.0033333333333333,0.0,0.0,0.0133333333333333,0.0,0.0,0.3222222222222222,0.0822222222222222,0.0,0.9688888888888888,0.0,0.0011111111111111,0.0,0.0,0.0,0.0133333333333333,0.0,0.0466666666666666,0.0,0.0,0.0,0.0,0.1788888888888888,0.0,0.3833333333333333,0.0,0.0,0.0,0.0,0.0,0.0,0.0,0.0,0.0,0.0,0.0,0.0,0.0,0.0,0.0,0.0,0.0,0.0,0.0,0.0,0.0,0.0,0.0
comp_9,0.0,0.0,0.6044444444444445,0.7666666666666667,0.0,3.168888888888889,0.0,0.0188888888888888,1.3822222222222222,5.341111111111111,1.71,8.332222222222223,0.0888888888888888,3.273333333333333,0.0022222222222222,0.0,0.0,0.2344444444444444,0.0,0.0711111111111111,3.3833333333333333,2.068888888888889,0.0,0.0,10.452222222222222,0.0,0.0,0.0,0.0,2.687777777777778,0.0,3.3766666666666665,7.471111111111111,0.5022222222222222,0.0,0.07,0.0,0.0,3.846666666666666,1.038888888888889,0.0,0.0088888888888888,0.0,0.0011111111111111,0.0,0.0,0.0,0.0,0.0,0.0,0.0,0.0,0.9766666666666668,0.0,0.4055555555555555,0.0,0.0,0.0022222222222222,0.0,0.0,0.0,0.3088888888888889,0.0,0.0,0.0,0.2577777777777778,0.0,0.0022222222222222,0.0,0.0,0.0,0.0,0.0,0.0,0.0,0.0,0.0,0.0977777777777777,0.0877777777777777,0.0033333333333333,0.0,0.0,0.0,0.0,0.0,0.0,0.85,0.0,0.0,0.0,0.0,0.0,0.43,0.0,1.2866666666666666,0.0177777777777777,0.0,0.0,0.1766666666666666,0.0,0.0,0.0044444444444444,0.0,0.0011111111111111,0.3177777777777777,0.0044444444444444,0.0011111111111111,0.0466666666666666,0.0444444444444444,0.1422222222222222,0.0,0.0,0.0,0.0,0.0,0.0011111111111111,0.0088888888888888,0.1233333333333333,0.0,0.0322222222222222,0.0,0.0,0.1088888888888888,0.0,0.02,0.0066666666666666,0.0,0.0,0.0,0.0,0.0033333333333333,0.0,0.0,0.0,0.67,0.6688888888888889,1.0811111111111111,0.1177777777777777,0.01,0.0,0.0022222222222222,0.0022222222222222,0.0011111111111111,0.0,0.0066666666666666,0.0,0.0,0.0,0.0,0.0,0.0,0.0,0.0488888888888888,0.0,0.0,0.0011111111111111,0.0422222222222222,0.0,0.7488888888888889,0.0011111111111111,0.0144444444444444,0.0,0.0022222222222222,0.0011111111111111,0.0555555555555555,0.0088888888888888,0.0088888888888888,0.0,0.0011111111111111,0.0,0.0,0.3088888888888889,0.0,0.0944444444444444,0.0,0.0,0.0,0.0022222222222222,0.0,0.0,0.0,0.0,0.0,0.0,0.0,0.0,0.0,0.0,0.0,0.0,0.0,0.0,0.0,0.0,0.0,0.0,0.0
comp_9,0.0,0.0,0.8544444444444445,1.2922222222222222,0.0,3.618888888888889,0.0,0.0,1.3177777777777775,4.825555555555556,8.193333333333333,8.612222222222222,0.0111111111111111,3.8733333333333335,0.0,0.0,0.0,0.2955555555555555,0.0077777777777777,0.2677777777777778,3.58,2.5188888888888887,0.0,0.0,11.504444444444443,0.0022222222222222,0.0,0.0,0.0044444444444444,3.4655555555555555,0.0,2.5677777777777777,6.3933333333333335,0.3422222222222222,0.0,1.028888888888889,0.0,0.0,5.044444444444444,1.2122222222222223,0.0,0.0044444444444444,0.0,0.0033333333333333,0.0,0.0,0.0,0.0,0.0,0.0011111111111111,0.0,0.0,0.9911111111111112,0.0,0.7222222222222222,0.0,0.0,0.0,0.0,0.0,0.0,0.1022222222222222,0.0,0.0,0.0,0.0,0.0,0.0,0.0,0.0,0.0044444444444444,0.0,0.0,0.0,0.0,0.0,0.0,0.0033333333333333,0.0,0.0055555555555555,0.0,0.0,0.0,0.0,0.0,0.0,0.8477777777777777,0.0,0.0,0.0,0.0,0.0,0.1433333333333333,0.0,1.8111111111111111,0.0077777777777777,0.0,0.0,0.3955555555555555,0.0,0.0,0.0222222222222222,0.0,0.0,0.3644444444444444,0.0,0.0,0.0355555555555555,0.0033333333333333,0.0777777777777777,0.0,0.0,0.0,0.0077777777777777,0.0022222222222222,0.0166666666666666,0.0144444444444444,0.1133333333333333,0.0,0.0366666666666666,0.0,0.0011111111111111,0.0422222222222222,0.0,0.03,0.0088888888888888,0.0,0.0,0.0,0.0,0.0055555555555555,0.0,0.0,0.0,0.78,0.7355555555555555,1.0777777777777775,0.04,0.0222222222222222,0.0,0.0,0.0322222222222222,0.0055555555555555,0.1122222222222222,0.0188888888888888,0.0,0.0,0.0,0.0,0.0,0.0,0.0,0.0,0.0477777777777777,0.0,0.2544444444444444,0.0211111111111111,0.0011111111111111,0.4888888888888889,0.0011111111111111,0.01,0.0,0.0,0.0077777777777777,0.0,0.0088888888888888,0.0,0.0,0.0,0.0,0.0,0.1322222222222222,0.0,0.0333333333333333,0.0,0.0,0.0,0.0,0.0,0.0,0.0,0.0,0.0,0.0,0.0,0.0,0.0,0.0,0.0,0.0,0.0,0.0,0.0,0.0,0.0,0.0,0.0
comp_9,0.0033333333333333,0.0,0.8533333333333334,0.9655555555555556,0.0,3.335555555555556,0.0,0.0066666666666666,1.468888888888889,5.615555555555556,1.8922222222222225,7.806666666666667,0.0,2.9966666666666666,0.0,0.0033333333333333,0.0,0.3155555555555555,0.0033333333333333,0.3077777777777777,3.4966666666666666,2.6577777777777776,0.0,0.0,12.216666666666669,0.0011111111111111,0.0,0.0,0.0044444444444444,2.9766666666666666,0.0,3.668888888888889,6.4366666666666665,0.0211111111111111,0.0,1.5577777777777777,0.0,0.0,4.503333333333333,1.308888888888889,0.0,0.01,0.0,0.0,0.0,0.0,0.0,0.0011111111111111,0.0,0.0,0.0,0.0,0.9766666666666668,0.0,0.4233333333333333,0.0,0.0,0.0022222222222222,0.0,0.0,0.0022222222222222,0.2022222222222222,0.0,0.0,0.0,0.0155555555555555,0.0,0.0,0.0,0.0,0.0,0.0,0.0,0.0,0.0,0.0,0.0,0.0533333333333333,0.0022222222222222,0.0,0.0,0.0,0.0,0.0,0.0,0.0,0.8477777777777777,0.0,0.0,0.0,0.0,0.0,0.5588888888888889,0.0,1.3744444444444444,0.0211111111111111,0.0,0.0,0.2833333333333333,0.0,0.0,0.0033333333333333,0.0,0.0055555555555555,0.2722222222222222,0.0,0.0611111111111111,0.0511111111111111,0.0,0.1055555555555555,0.0,0.0,0.0,0.0366666666666666,0.0,0.0077777777777777,0.0088888888888888,0.2266666666666666,0.0,0.02,0.0,0.0011111111111111,0.0066666666666666,0.0,0.0666666666666666,0.0233333333333333,0.0,0.0,0.0,0.0,0.0111111111111111,0.0,0.0,0.0011111111111111,0.6388888888888888,0.5388888888888889,1.0255555555555556,0.0011111111111111,0.0355555555555555,0.0,0.0,0.0,0.0055555555555555,0.0755555555555555,0.0,0.0,0.0,0.0,0.0,0.0,0.0,0.0,0.0966666666666666,0.0,0.0,0.5688888888888889,0.0655555555555555,0.01,0.7555555555555555,0.0044444444444444,0.0033333333333333,0.0,0.0,0.0044444444444444,0.0155555555555555,0.0044444444444444,0.0155555555555555,0.0,0.0,0.0,0.0,0.21,0.0,0.1444444444444444,0.0,0.0,0.0,0.0,0.0,0.0,0.0,0.0,0.0,0.0,0.0,0.0,0.0,0.0,0.0,0.0,0.0,0.0,0.0,0.0,0.0,0.0,0.0
